account length,area code,international plan,voice mail plan,number vmail messages,total day minutes,total day calls,total day charge,total eve minutes,total eve calls,total eve charge,total night minutes,total night calls,total night charge,total intl minutes,total intl calls,total intl charge,customer service calls,charge_per_min,high_service_user,day_night_ratio,Actual_Churn,Churn_Probability,Predicted_Churn,Net_Impact_KES
113,510,0,0,0,155.0,93,26.35,330.6,106,28.1,189.4,123,8.52,13.5,3,3.65,1,0.16998903296561513,0,0.8183306055646481,0,0.46153846153846156,0,0
67,415,0,0,0,109.1,117,18.55,217.4,124,18.48,188.4,141,8.48,12.8,6,3.46,0,0.17001191458161488,0,0.5790563133591635,0,0.46153846153846156,0,0
98,415,0,0,0,0.0,0,0.0,159.6,130,13.57,167.1,88,7.52,6.8,1,1.84,4,0.0,1,0.0,1,0.46153846153846156,0,-400
147,408,0,0,0,212.8,79,36.18,204.1,91,17.35,156.2,113,7.03,10.2,2,2.75,1,0.1700108077627931,0,1.3622687407976444,0,0.46153846153846156,0,0
96,408,0,0,0,144.0,102,24.48,224.7,73,19.1,227.7,91,10.25,10.0,7,2.7,1,0.16998819526421777,0,0.6323832945413026,0,0.46153846153846156,0,0
119,408,0,1,26,132.0,100,22.44,173.3,121,14.73,203.5,108,9.16,11.6,5,3.13,1,0.16998712218771309,0,0.6486167755884232,0,0.17578125,0,0
116,510,0,0,0,160.7,69,27.32,146.8,106,12.48,287.8,144,12.95,8.2,5,2.21,0,0.16999564432829323,0,0.5583544699628227,0,0.46153846153846156,0,0
114,415,0,1,32,125.2,79,21.28,177.8,105,15.11,232.4,89,10.46,12.9,3,3.48,1,0.16995447647951442,0,0.5387031539090401,0,0.17578125,0,0
130,510,0,0,0,203.9,63,34.66,191.8,93,16.3,132.5,125,5.96,12.1,4,3.27,3,0.16997695061546758,0,1.538751792317561,0,0.46153846153846156,0,0
78,415,0,0,0,147.1,80,25.01,199.7,100,16.97,160.7,106,7.23,13.7,7,3.7,0,0.17000883692475022,0,0.9153132972434821,0,0.46153846153846156,0,0
182,415,0,0,0,69.1,114,11.75,230.3,109,19.58,256.7,96,11.55,6.5,4,1.76,0,0.17001881059181015,0,0.26917533403451366,0,0.46153846153846156,0,0
43,415,0,0,0,27.0,117,4.59,160.9,97,13.68,279.5,96,12.58,10.7,3,2.89,3,0.16993706034801923,0,0.09659761725877429,0,0.46153846153846156,0,0
152,415,0,0,0,141.5,102,24.06,263.0,94,22.36,207.1,113,9.32,3.4,4,0.92,2,0.17002331990672037,0,0.6832118198059003,0,0.46153846153846156,0,0
115,415,0,0,0,286.4,125,48.69,205.7,74,17.48,191.4,141,8.61,6.9,6,1.86,1,0.17000104744946057,0,1.4962645629799904,1,0.46153846153846156,0,-400
122,510,0,1,33,270.8,96,46.04,220.4,110,18.73,169.9,104,7.65,11.8,8,3.19,4,0.17000849303940033,1,1.593784944970867,0,0.17578125,0,0
69,415,0,0,0,228.2,70,38.79,263.7,80,22.41,142.6,60,6.42,10.7,5,2.89,3,0.16997502300512687,0,1.6001682911436788,0,0.46153846153846156,0,0
12,415,0,0,0,204.6,98,34.78,212.5,90,18.06,182.1,95,8.19,9.8,7,2.65,2,0.16998191681735988,0,1.1234967876558124,0,0.46153846153846156,0,0
24,408,0,0,0,265.6,86,45.15,208.8,102,17.75,182.5,105,8.21,11.1,6,3.0,2,0.16998606980158878,0,1.4552627253301191,1,0.46153846153846156,0,-400
68,408,0,0,0,237.1,105,40.31,223.5,105,19.0,97.4,79,4.38,13.2,2,3.56,1,0.17000548268736032,0,2.4340416794990243,0,0.46153846153846156,0,0
104,408,0,0,0,170.6,97,29.0,162.1,111,13.78,210.7,131,9.48,6.1,1,1.65,1,0.16997831311177541,0,0.8096435859712402,0,0.46153846153846156,0,0
33,415,0,0,0,213.9,88,36.36,239.8,119,20.38,148.7,71,6.69,9.8,14,2.65,2,0.16997802814267682,0,1.4383699818438573,0,0.0845771144278607,0,0
31,510,0,0,0,165.4,84,28.12,203.7,107,17.31,201.7,65,9.08,8.2,1,2.21,1,0.17000181367511033,0,0.8199890932526896,0,0.46153846153846156,0,0
154,408,0,1,35,64.9,76,11.03,184.1,91,15.65,151.6,75,6.82,14.6,1,3.94,1,0.16992759205053146,0,0.4280720269111537,0,0.17578125,0,0
48,408,0,0,0,275.2,67,46.78,180.2,108,15.32,159.0,110,7.15,7.9,2,2.13,1,0.16997928854329422,0,1.7307087604553173,0,0.46153846153846156,0,0
93,408,0,0,0,114.3,100,19.43,221.1,103,18.79,126.3,88,5.68,10.9,9,2.94,0,0.1699763800192459,0,0.904916475338453,0,0.46153846153846156,0,0
86,510,0,1,29,157.2,118,26.72,196.3,136,16.69,226.7,109,10.2,8.4,5,2.27,3,0.1699637427644552,0,0.6933968506020908,0,0.17578125,0,0
101,415,0,1,28,105.9,132,18.0,231.7,107,19.69,281.3,120,12.66,10.7,5,2.89,1,0.1699556226985176,0,0.3764530233550176,0,0.17578125,0,0
50,408,0,0,0,301.7,82,51.29,167.1,118,14.2,72.2,89,3.25,10.5,6,2.84,1,0.16999767989128634,0,4.178091677053039,0,0.46153846153846156,0,0
74,510,0,1,31,249.4,70,42.4,209.5,59,17.81,180.6,75,8.13,9.9,2,2.67,4,0.17000120283869932,1,1.3808759204916672,0,0.17578125,0,0
165,415,0,0,0,216.6,126,36.82,190.8,104,16.22,224.7,123,10.11,12.4,8,3.35,0,0.1699829186094825,0,0.9639090383160519,0,0.46153846153846156,0,0
92,510,0,1,29,155.4,110,26.42,188.5,104,16.02,254.9,118,11.47,8.0,4,2.16,3,0.17000193037771058,0,0.6096269271507592,0,0.17578125,0,0
60,408,0,0,0,220.6,57,37.5,211.1,115,17.94,249.0,129,11.21,6.8,3,1.84,1,0.16998322832147228,0,0.8859081964579736,0,0.46153846153846156,0,0
58,510,0,0,0,234.8,89,39.92,106.8,131,9.08,178.5,122,8.03,9.9,6,2.67,0,0.1700097951535284,0,1.3153324743711838,0,0.46153846153846156,0,0
105,510,0,0,0,125.4,116,21.32,261.5,95,22.23,241.6,104,10.87,11.4,9,3.08,2,0.17000239215373572,0,0.5190182525557717,0,0.46153846153846156,0,0
163,408,0,0,0,197.0,109,33.49,202.6,128,17.22,206.4,80,9.29,9.1,10,2.46,1,0.16999137099639614,0,0.9544111234920789,0,0.46153846153846156,0,0
189,408,0,0,0,227.4,84,38.66,176.0,81,14.96,206.1,120,9.27,6.3,4,1.7,2,0.17000131920320125,0,1.1032943573819807,0,0.46153846153846156,0,0
148,408,0,0,0,17.6,121,2.99,161.7,125,13.74,203.1,82,9.14,10.6,6,2.86,1,0.16978989210675752,0,0.08665255280389937,0,0.46153846153846156,0,0
93,415,0,1,32,116.9,120,19.87,232.4,97,19.75,127.7,112,5.75,11.0,9,2.97,0,0.16995979813531775,0,0.915355101401613,0,0.17578125,0,0
78,415,0,0,0,103.5,115,17.6,117.9,102,10.02,201.0,94,9.05,12.0,3,3.24,4,0.17003188097768332,1,0.5148997562310333,1,0.46153846153846156,0,-400
209,415,0,0,0,227.2,128,38.62,258.4,92,21.96,183.5,74,8.26,8.9,4,2.4,3,0.16997491307600898,0,1.2380796686829056,0,0.46153846153846156,0,0
104,408,0,0,0,138.7,107,23.58,256.9,113,21.84,234.9,74,10.57,10.0,3,2.7,0,0.16999495350010815,0,0.590438891490358,0,0.46153846153846156,0,0
116,415,0,1,17,193.4,112,32.88,240.6,131,20.45,248.1,98,11.16,11.4,3,3.08,5,0.17000155110904297,1,0.7794929668292291,0,0.17578125,0,0
142,415,0,0,0,232.5,74,39.53,181.8,142,15.45,203.1,86,9.14,10.4,6,2.81,4,0.17001419293793815,1,1.1446999163015117,0,0.46153846153846156,0,0
111,415,0,0,0,255.9,97,43.5,204.1,129,17.35,171.3,84,7.71,12.3,5,3.32,3,0.16998163416826229,0,1.493783200046699,0,0.46153846153846156,0,0
63,408,0,0,0,211.7,107,35.99,271.7,77,23.09,203.3,108,9.15,7.4,7,2.0,0,0.16999669359028863,0,1.0412670306428606,0,0.46153846153846156,0,0
94,415,0,0,0,181.3,135,30.82,182.4,108,15.5,180.6,103,8.13,6.7,2,1.81,0,0.16998510837791628,0,1.0038203864680806,0,0.46153846153846156,0,0
93,415,0,0,0,271.1,101,46.09,237.4,133,20.18,145.4,103,6.54,8.4,6,2.27,1,0.17000479510161928,0,1.8643834674369026,1,0.46153846153846156,0,-400
174,408,0,1,33,167.8,91,28.53,205.3,91,17.45,130.0,132,5.85,14.5,4,3.92,4,0.1700137059769978,1,1.2906699484655029,1,0.17578125,0,-400
47,415,0,1,27,165.0,89,28.05,127.3,118,10.82,284.4,95,12.8,7.7,4,2.08,2,0.16998969759408522,0,0.5801483773425689,0,0.17578125,0,0
76,510,0,0,0,186.1,96,31.64,211.6,100,17.99,230.6,100,10.38,8.0,4,2.16,0,0.17000698511632906,0,0.8069901565413469,0,0.46153846153846156,0,0
132,415,0,0,0,83.4,110,14.18,232.2,137,19.74,146.7,114,6.6,7.6,5,2.05,1,0.1700035966910442,0,0.5684684070615501,0,0.46153846153846156,0,0
98,510,0,0,0,271.4,119,46.14,190.4,102,16.18,284.7,118,12.81,11.1,6,3.0,4,0.17000110533878637,1,0.953250676126585,1,0.46153846153846156,0,-400
142,415,0,0,0,84.8,95,14.42,136.7,63,11.62,250.5,148,11.27,14.2,6,3.83,2,0.17002711944346185,0,0.33850944074088857,0,0.46153846153846156,0,0
96,415,0,1,23,183.1,88,31.13,147.4,89,12.53,350.2,108,15.76,11.3,7,3.05,1,0.17000709955764295,0,0.5228291596470689,0,0.17578125,0,0
99,408,0,0,0,54.8,92,9.32,173.0,103,14.71,195.1,125,8.78,7.5,3,2.03,1,0.17004196314541145,0,0.2808672031161909,0,0.46153846153846156,0,0
168,408,0,0,0,163.4,134,27.78,240.1,87,20.41,164.0,147,7.38,11.6,2,3.13,2,0.1700018358729576,0,0.9962807145905739,1,0.46153846153846156,0,-400
103,415,0,0,0,129.3,103,21.98,202.8,89,17.24,233.0,126,10.49,12.9,2,3.48,2,0.16997911994431986,0,0.5549118063602421,0,0.46153846153846156,0,0
114,415,0,0,0,84.7,118,14.4,249.9,86,21.24,193.4,95,8.7,14.5,8,3.92,1,0.16999173651280838,0,0.43792978646398845,0,0.46153846153846156,0,0
147,408,0,0,0,168.6,92,28.66,187.7,107,15.95,216.5,95,9.74,14.4,8,3.89,2,0.16997805586857245,0,0.7787169183871415,0,0.46153846153846156,0,0
113,415,0,1,23,205.0,101,34.85,152.0,60,12.92,158.6,59,7.14,10.2,5,2.75,2,0.16999170772157457,0,1.2924784061534582,0,0.17578125,0,0
92,415,1,1,45,281.1,88,47.79,198.0,103,16.83,94.3,76,4.24,7.5,3,2.03,0,0.1700046245242076,0,2.980595907114834,0,1.0,1,-100
152,415,0,0,0,206.3,98,35.07,292.8,82,24.89,43.7,121,1.97,10.6,4,2.86,1,0.16998691289806603,0,4.7197437657286665,0,0.46153846153846156,0,0
86,415,0,1,38,123.0,158,20.91,133.9,119,11.38,138.2,103,6.22,13.3,4,3.59,1,0.16998617998536703,0,0.8899500759713481,0,0.17578125,0,0
73,415,0,1,31,194.4,104,33.05,176.0,84,14.96,230.1,110,10.35,11.5,3,3.11,0,0.1700015431304974,0,0.8448133501368912,0,0.17578125,0,0
71,510,0,0,0,185.0,84,31.45,232.5,129,19.76,191.1,82,8.6,14.9,4,4.02,3,0.1699908113074969,0,0.9680288838888599,0,0.46153846153846156,0,0
138,408,0,0,0,241.8,93,41.11,170.5,83,14.49,295.3,104,13.29,11.8,7,3.19,3,0.17000951160001654,0,0.8188005824387932,0,0.46153846153846156,0,0
184,408,0,0,0,151.7,93,25.79,178.5,77,15.17,229.1,111,10.31,13.1,8,3.54,2,0.1699953859336893,0,0.6621273624023395,0,0.46153846153846156,0,0
164,510,0,1,30,238.8,100,40.6,230.0,121,19.55,206.3,66,9.28,13.2,8,3.56,1,0.1700096310874754,0,1.157481459938927,0,0.17578125,0,0
60,415,1,0,0,205.9,97,35.0,277.4,117,23.58,202.0,139,9.09,11.0,2,2.97,0,0.16997717449371086,0,1.019256472451859,1,1.0,1,60
100,510,0,0,0,247.8,117,42.13,130.0,95,11.05,134.3,125,6.04,6.9,2,1.86,1,0.17000928130422502,0,1.8449854813491178,0,0.46153846153846156,0,0
126,415,0,0,0,249.8,96,42.47,261.9,92,22.26,166.8,108,7.51,12.7,4,3.43,3,0.17000920699731795,0,1.4975121395599784,1,0.46153846153846156,0,-400
121,415,0,0,0,134.1,112,22.8,195.1,104,16.58,159.6,139,7.18,10.5,2,2.84,2,0.17000969353515774,0,0.8401729214961469,0,0.46153846153846156,0,0
27,408,0,0,0,201.2,128,34.2,227.2,100,19.31,145.8,91,6.56,8.4,3,2.27,2,0.169971671388102,0,1.3798779233248748,0,0.46153846153846156,0,0
54,415,0,0,0,272.6,83,46.34,248.7,74,21.14,197.4,111,8.88,9.5,2,2.57,1,0.16998642749715712,0,1.380882427435287,1,0.46153846153846156,0,-400
172,408,0,0,0,212.0,121,36.04,31.2,115,2.65,293.3,78,13.2,12.6,10,3.4,3,0.16999198151030612,0,0.7227847669700999,0,0.46153846153846156,0,0
57,415,0,1,37,201.2,76,34.2,280.1,122,23.81,154.2,110,6.94,11.8,1,3.19,1,0.169971671388102,0,1.3047143505609236,0,0.17578125,0,0
125,415,0,0,0,233.3,65,39.66,209.8,93,17.83,210.6,109,9.48,9.1,4,2.46,1,0.16998842741416997,0,1.1077346754665023,0,0.46153846153846156,0,0
7,415,0,0,0,206.7,87,35.14,281.1,83,23.89,158.5,77,7.13,11.0,5,2.97,3,0.16999661361327464,0,1.3040186739007003,0,0.46153846153846156,0,0
77,408,1,1,44,103.2,117,17.54,236.3,86,20.09,203.5,101,9.16,11.9,2,3.21,0,0.16994477279333395,0,0.5071003881873127,1,1.0,1,60
45,415,0,1,22,196.6,84,33.42,313.2,92,26.62,163.3,108,7.35,11.9,3,3.21,0,0.16998118101825951,0,1.2038454473087992,0,0.17578125,0,0
109,415,0,0,0,137.0,128,23.29,217.0,116,18.45,182.1,86,8.19,10.0,5,2.7,2,0.16998759214655865,0,0.7522925704244688,0,0.46153846153846156,0,0
141,415,0,1,37,185.4,87,31.52,178.5,128,15.17,218.3,107,9.82,8.0,3,2.16,4,0.17000161803570465,1,0.8492510649993129,0,0.17578125,0,0
72,415,0,0,0,217.8,93,37.03,189.7,113,16.12,182.6,91,8.22,10.4,5,2.81,4,0.1700105596620908,1,1.192705766387383,0,0.46153846153846156,0,0
90,415,0,0,0,102.0,118,17.34,113.3,134,9.63,188.6,105,8.49,11.4,3,3.08,2,0.16998333496716006,0,0.5407984730396056,0,0.46153846153846156,0,0
84,408,0,0,0,86.0,83,14.62,260.7,86,22.16,98.6,109,4.44,8.9,4,2.4,1,0.16998023485641203,0,0.8721225027887638,0,0.46153846153846156,0,0
107,510,0,1,30,198.9,87,33.81,207.0,90,17.6,159.8,76,7.19,12.6,4,3.4,3,0.16997637122316628,0,1.2446029660221514,0,0.17578125,0,0
129,415,0,0,0,159.1,100,27.05,202.5,90,17.21,233.1,96,10.49,11.5,6,3.11,2,0.17000817044811767,0,0.6825104028141221,0,0.46153846153846156,0,0
108,408,0,1,15,165.1,85,28.07,267.0,93,22.7,250.7,114,11.28,10.9,4,2.94,1,0.1700078735388529,0,0.6585297754377568,0,0.17578125,0,0
120,415,0,0,0,150.6,85,25.6,119.0,128,10.12,232.9,123,10.48,6.4,2,1.73,1,0.16997543323816483,0,0.6466016916405478,0,0.46153846153846156,0,0
123,415,1,0,0,125.5,106,21.34,128.9,96,10.96,251.9,129,11.34,6.3,6,1.7,4,0.17002629272567923,1,0.4981937993727919,1,1.0,1,60
10,408,0,0,0,186.1,112,31.64,190.2,66,16.17,282.8,57,12.73,11.4,6,3.08,2,0.17000698511632906,0,0.658038966090308,0,0.46153846153846156,0,0
80,408,0,0,0,322.3,113,54.79,222.0,95,18.87,162.8,123,7.33,6.7,8,1.81,0,0.16999162297167322,0,1.9796081321786132,1,0.46153846153846156,0,-400
89,510,0,0,0,303.9,95,51.66,260.9,114,22.18,312.1,89,14.04,5.3,3,1.43,1,0.16998453489519924,0,0.9736951715741244,1,0.46153846153846156,0,-400
61,415,0,1,15,252.4,106,42.91,187.8,69,15.96,259.6,137,11.68,10.0,3,2.7,2,0.17000118854245078,0,0.9722275721274218,0,0.17578125,0,0
93,510,0,0,0,190.7,114,32.42,218.2,111,18.55,129.6,121,5.83,8.1,3,2.19,3,0.16999632950553198,0,1.47133708818764,0,0.46153846153846156,0,0
159,415,0,0,0,275.8,103,46.89,189.5,108,16.11,223.9,93,10.08,7.4,5,2.0,2,0.17000833907400023,0,1.2317448975034613,1,0.46153846153846156,0,-400
124,415,0,0,0,251.5,85,42.76,214.2,98,18.21,186.1,71,8.37,11.1,6,3.0,3,0.17001312075066596,0,1.3513513513513515,0,0.46153846153846156,0,0
99,408,0,0,0,190.4,102,32.37,158.1,107,13.44,271.5,92,12.22,11.2,4,3.02,2,0.17000157554750275,0,0.7012633052189606,0,0.46153846153846156,0,0
117,408,0,0,0,97.1,98,16.51,228.0,131,19.38,240.0,111,10.8,10.6,3,2.86,1,0.17001338688085676,0,0.4045664763968168,0,0.46153846153846156,0,0
159,510,0,0,0,114.8,98,19.52,192.6,101,16.37,259.0,108,11.66,12.2,5,3.29,0,0.1700200330981622,0,0.4432261302652407,0,0.46153846153846156,0,0
141,415,0,0,0,160.1,87,27.22,256.7,120,21.82,270.0,107,12.15,7.0,1,1.89,2,0.1700081194179002,0,0.5929410021851043,0,0.46153846153846156,0,0
1,415,0,0,0,196.1,107,33.34,296.5,82,25.2,211.5,91,9.52,7.0,2,1.89,1,0.17000662893274185,0,0.9271429246844121,0,0.46153846153846156,0,0
98,415,1,0,0,12.5,67,2.13,256.6,90,21.81,169.4,88,7.62,7.7,9,2.08,1,0.17026378896882494,0,0.07378549082108495,0,1.0,1,-100
19,408,0,0,0,186.1,98,31.64,254.3,57,21.62,214.0,127,9.63,14.6,7,3.94,2,0.17000698511632906,0,0.8695855333862904,0,0.46153846153846156,0,0
116,408,0,0,0,146.4,123,24.89,176.6,113,15.01,212.6,102,9.57,7.8,5,2.11,1,0.17000204904036612,0,0.6885847326090024,0,0.46153846153846156,0,0
118,408,0,1,23,289.5,52,49.22,166.6,111,14.16,119.1,88,5.36,9.5,4,2.57,1,0.17001139856999758,0,2.430526404164218,0,0.17578125,0,0
85,408,0,0,0,127.9,107,21.74,271.2,124,23.05,202.2,76,9.1,12.5,5,3.38,0,0.16996325541396293,0,0.6325107561446023,0,0.46153846153846156,0,0
97,408,0,1,32,168.4,129,28.63,225.9,97,19.2,191.8,95,8.63,8.5,7,2.3,0,0.1700017813669022,0,0.877952140138679,0,0.17578125,0,0
107,408,0,1,36,96.3,83,16.37,179.6,91,15.27,166.3,121,7.48,10.3,2,2.78,1,0.16997196552798255,0,0.5790391437676627,0,0.17578125,0,0
160,415,0,1,29,164.6,121,27.98,262.8,108,22.34,123.8,131,5.57,15.2,4,4.1,1,0.1699775226292449,0,1.3294564251675955,0,0.17578125,0,0
73,415,0,0,0,217.8,91,37.03,220.6,97,18.75,277.3,89,12.48,10.3,6,2.78,1,0.1700105596620908,0,0.7854026180087267,1,0.46153846153846156,0,-400
56,510,0,0,0,150.9,79,25.65,161.8,87,13.75,167.7,115,7.55,11.7,5,3.16,3,0.16996885560930355,0,0.8997674557271482,0,0.46153846153846156,0,0
113,415,0,0,0,215.5,129,36.64,218.7,117,18.59,207.1,91,9.32,6.6,9,1.78,4,0.1700153125145005,1,1.0405098739800107,0,0.46153846153846156,0,0
110,408,0,0,0,196.1,103,33.34,199.7,123,16.97,135.9,71,6.12,12.9,1,3.48,3,0.17000662893274185,0,1.4428666028989772,0,0.46153846153846156,0,0
67,510,0,0,0,129.0,78,21.93,188.0,116,15.98,235.0,102,10.58,11.2,3,3.02,2,0.1699868227269204,0,0.5489128122207566,0,0.46153846153846156,0,0
127,510,0,0,0,224.3,112,38.13,185.7,103,15.78,159.4,83,7.17,10.0,1,2.7,2,0.16998796308679953,0,1.4070635468289319,0,0.46153846153846156,0,0
144,415,0,0,0,201.1,99,34.19,303.5,74,25.8,224.0,119,10.08,13.2,2,3.56,1,0.1700064641241112,0,0.897727780009821,0,0.46153846153846156,0,0
109,510,0,0,0,170.7,101,29.02,240.2,82,20.42,119.0,112,5.36,11.4,4,3.08,2,0.16999589947864802,0,1.4343332493067809,0,0.46153846153846156,0,0
111,415,0,0,0,284.4,89,48.35,157.0,113,13.35,242.8,91,10.93,8.4,8,2.27,0,0.17000105481523156,0,1.1712861908488117,1,0.46153846153846156,0,-400
78,415,0,0,0,252.9,93,42.99,178.4,112,15.16,263.9,105,11.88,9.5,7,2.57,3,0.16998141631410385,0,0.9582812322382632,0,0.46153846153846156,0,0
128,408,0,0,0,125.2,99,21.28,205.4,107,17.46,254.4,111,11.45,18.9,2,5.1,0,0.16995447647951442,0,0.4921190204787548,0,0.46153846153846156,0,0
177,408,0,0,0,189.5,99,32.22,176.3,117,14.99,225.9,112,10.17,14.2,2,3.83,1,0.1700174133291119,0,0.8388296224160063,0,0.46153846153846156,0,0
46,415,0,0,0,164.2,116,27.91,196.2,153,16.68,236.1,119,10.62,8.1,1,2.19,1,0.16996528835028318,0,0.6954385667697259,0,0.46153846153846156,0,0
48,510,0,0,0,149.2,146,25.36,161.9,109,13.76,197.9,109,8.91,8.3,2,2.24,3,0.16996179880705048,0,0.7538780253650649,0,0.46153846153846156,0,0
111,415,0,0,0,246.5,108,41.91,216.3,89,18.39,179.6,99,8.08,12.7,3,3.43,2,0.17001338688085676,0,1.3724180168142086,0,0.46153846153846156,0,0
48,415,0,0,0,197.7,64,33.61,136.7,126,11.62,244.4,81,11.0,13.2,5,3.56,4,0.16999645946082648,1,0.8088867067632257,0,0.46153846153846156,0,0
119,408,0,0,0,260.1,101,44.22,256.5,68,21.8,229.1,89,10.31,10.0,2,2.7,1,0.17000499788550996,0,1.1352625376456726,1,0.46153846153846156,0,-400
76,510,1,0,0,246.8,110,41.96,206.3,63,17.54,208.4,123,9.38,13.2,5,3.56,0,0.17000931890928245,0,1.1842042128496715,1,1.0,1,60
90,408,0,1,30,183.8,76,31.25,229.7,95,19.52,144.1,124,6.48,7.7,3,2.08,1,0.170012512920951,0,1.2754146138366527,0,0.17578125,0,0
97,408,0,1,32,90.0,87,15.3,276.3,113,23.49,185.2,107,8.33,8.6,6,2.32,2,0.16998111320964338,0,0.4859348847254468,1,0.17578125,0,-400
52,510,0,0,0,148.3,83,25.21,181.6,79,15.44,155.6,104,7.0,8.3,6,2.24,3,0.1699817948890837,0,0.9530235846025321,0,0.46153846153846156,0,0
179,408,0,0,0,219.2,92,37.26,149.4,125,12.7,244.7,104,11.01,6.1,5,1.65,0,0.16997399753660875,0,0.8957541579829186,0,0.46153846153846156,0,0
96,510,0,0,0,179.5,125,30.52,162.3,139,13.8,264.5,133,11.9,6.6,2,1.78,1,0.17001838337697064,0,0.6786132849419682,0,0.46153846153846156,0,0
83,408,0,0,0,202.3,87,34.39,201.5,111,17.13,101.7,82,4.58,6.8,4,1.84,0,0.16998665414462952,0,1.988988300068823,0,0.46153846153846156,0,0
105,415,0,0,0,251.6,88,42.77,175.1,103,14.88,184.4,112,8.3,5.4,5,1.46,1,0.16998529470211837,0,1.3643511740144243,0,0.46153846153846156,0,0
61,415,0,0,0,197.7,118,33.61,152.2,96,12.94,221.0,93,9.95,7.0,3,1.89,2,0.16999645946082648,0,0.8945296592914348,0,0.46153846153846156,0,0
125,415,0,0,0,182.3,64,30.99,139.8,121,11.88,171.6,96,7.72,11.6,7,3.13,2,0.1699851900608853,0,1.0622924072023776,0,0.46153846153846156,0,0
108,510,0,0,0,138.6,122,23.56,172.3,117,14.65,231.6,92,10.42,9.8,3,2.65,1,0.1699733063992497,0,0.5984197573507188,0,0.46153846153846156,0,0
215,510,0,0,0,83.6,148,14.21,120.9,91,10.28,226.6,110,10.2,10.7,9,2.89,0,0.16995574692022486,0,0.36891575835135254,0,0.46153846153846156,0,0
108,408,0,1,35,215.9,106,36.7,200.6,107,17.05,195.4,107,8.79,15.5,7,4.19,0,0.1699782316706035,0,1.104856455657336,0,0.17578125,0,0
132,510,0,0,0,99.5,110,16.92,129.1,80,10.97,125.1,124,5.63,9.7,3,2.62,0,0.17003316249623154,0,0.7953001358804253,0,0.46153846153846156,0,0
51,415,0,0,0,183.1,99,31.13,160.1,107,13.61,311.8,121,14.03,7.0,3,1.89,1,0.17000709955764295,0,0.5872165741958244,0,0.46153846153846156,0,0
112,415,1,0,0,161.9,138,27.52,200.9,114,17.08,134.0,134,6.03,10.7,4,2.89,1,0.16997097152739177,0,1.2081187971046938,0,1.0,1,-100
104,408,1,0,0,160.4,73,27.27,293.9,103,24.98,306.6,90,13.8,12.6,5,3.4,4,0.17000187020759305,1,0.5231401454616614,0,1.0,1,-100
105,510,0,0,0,140.6,109,23.9,178.6,51,15.18,217.0,83,9.76,6.8,3,1.84,2,0.16997368608207097,0,0.6478964103036726,0,0.46153846153846156,0,0
88,415,1,0,0,235.1,98,39.97,251.8,79,21.4,285.9,76,12.87,7.2,2,1.94,4,0.17000552932669816,1,0.8222867335874926,1,1.0,1,60
85,415,0,0,0,210.3,66,35.75,195.8,76,16.64,221.6,82,9.97,11.2,7,3.02,1,0.1699871618087585,0,0.9489643969134968,0,0.46153846153846156,0,0
101,510,0,1,17,193.9,71,32.96,189.8,81,16.13,196.3,97,8.83,12.6,7,3.4,0,0.16997576195142078,0,0.9877234985482146,0,0.17578125,0,0
64,408,1,0,0,236.2,77,40.15,218.6,85,18.58,194.1,97,8.73,13.2,2,3.56,2,0.16997586893018923,0,1.2168358147442173,1,1.0,1,60
104,415,0,0,0,118.5,92,20.15,177.8,109,15.11,255.7,98,11.51,12.1,4,3.27,1,0.17002784575141336,0,0.46341558797074817,0,0.46153846153846156,0,0
113,408,0,0,0,158.9,137,27.01,242.8,109,20.64,247.8,97,11.15,6.5,4,1.76,0,0.169970423510163,0,0.6412170614583754,0,0.46153846153846156,0,0
144,415,0,1,33,251.6,87,42.77,197.6,118,16.8,209.2,97,9.41,12.2,3,3.29,2,0.16998529470211837,0,1.2026193776588119,0,0.17578125,0,0
86,408,0,0,0,83.8,121,14.25,240.2,96,20.42,158.6,108,7.14,6.7,8,1.81,1,0.1700274430258919,0,0.528339953344682,0,0.46153846153846156,0,0
138,510,0,0,0,220.2,89,37.43,88.3,125,7.51,195.3,79,8.79,12.9,5,3.48,0,0.16997411561691114,0,1.1274384312119194,0,0.46153846153846156,0,0
181,415,1,0,0,161.3,83,27.42,124.4,83,10.57,262.0,98,11.79,14.1,3,3.81,0,0.16998326204203087,0,0.6156253578107707,1,1.0,1,60
112,510,0,0,0,243.4,77,41.38,182.1,97,15.48,259.2,94,11.66,12.8,2,3.46,1,0.17000123248839408,0,0.939006982755295,0,0.46153846153846156,0,0
135,415,0,0,0,151.7,82,25.79,119.0,105,10.12,180.0,100,8.1,10.5,6,2.84,0,0.1699953859336893,0,0.842730959391145,0,0.46153846153846156,0,0
161,415,1,0,0,156.1,114,26.54,180.3,63,15.33,179.6,115,8.08,11.1,9,3.0,2,0.17000832746140543,0,0.8691052836701743,0,1.0,1,-100
44,510,0,0,0,143.2,77,24.34,169.8,114,14.43,215.8,77,9.71,7.6,4,2.05,1,0.1699601983101739,0,0.6635466382466058,0,0.46153846153846156,0,0
85,415,0,0,0,126.1,112,21.44,274.7,126,23.35,184.4,95,8.3,9.8,4,2.65,1,0.1700103084608675,0,0.6838023968331435,0,0.46153846153846156,0,0
149,510,0,0,0,207.3,115,35.24,198.4,82,16.86,114.1,83,5.13,8.6,4,2.32,1,0.1699869760262409,0,1.8166681272456402,0,0.46153846153846156,0,0
135,510,0,1,28,201.4,100,34.24,246.5,117,20.95,154.8,131,6.97,12.9,4,3.48,2,0.17000148949903185,0,1.3009495510625928,1,0.17578125,0,-400
90,415,0,1,24,71.2,82,12.1,181.6,103,15.44,186.9,111,8.41,12.9,1,3.48,1,0.1699199550624912,0,0.3809319993579798,0,0.17578125,0,0
184,510,1,0,0,213.8,105,36.35,159.6,84,13.57,139.2,137,6.26,5.0,10,1.35,2,0.1700107572143492,0,1.5358092091085414,0,0.5076923076923077,0,0
153,408,0,0,0,185.3,127,31.5,208.0,73,17.68,206.1,124,9.27,15.1,3,4.08,1,0.16998542982030113,0,0.8990344961428365,0,0.46153846153846156,0,0
83,510,0,1,26,226.4,117,38.49,234.7,97,19.95,133.6,82,6.01,10.8,7,2.92,1,0.1700013250298132,0,1.6944839458124394,0,0.17578125,0,0
64,510,0,0,0,154.0,67,26.18,225.8,118,19.19,265.3,86,11.94,3.5,3,0.95,1,0.16998896175573017,0,0.5804530549168897,0,0.46153846153846156,0,0
118,408,0,0,0,189.3,119,32.18,233.5,112,19.85,270.9,104,12.19,10.0,1,2.7,2,0.1699857376789393,0,0.698756044442804,0,0.46153846153846156,0,0
148,415,0,1,11,252.9,129,42.99,284.3,88,24.17,262.8,99,11.83,12.3,1,3.32,1,0.16998141631410385,0,0.9622921502225943,0,0.17578125,0,0
82,415,0,0,0,300.3,109,51.05,181.0,100,15.39,270.1,73,12.15,11.7,4,3.16,0,0.1699910092903999,0,1.1117692791825553,1,0.46153846153846156,0,-400
135,408,0,0,0,155.2,100,26.38,135.9,84,11.55,184.6,82,8.31,3.8,9,1.03,3,0.16996327556214164,0,0.8406911868262824,0,0.46153846153846156,0,0
11,510,0,1,38,209.8,130,35.67,196.6,84,16.71,233.0,79,10.49,7.0,7,1.89,1,0.1700109622992231,0,0.9003905411784903,0,0.17578125,0,0
83,415,0,1,20,95.0,89,16.15,167.9,92,14.27,200.6,79,9.03,11.2,2,3.02,0,0.16998210714661613,0,0.473555655251483,0,0.17578125,0,0
130,415,0,0,0,155.9,95,26.5,256.1,97,21.77,262.9,103,11.83,11.7,3,3.16,3,0.16996985440318133,0,0.5929785858278499,0,0.46153846153846156,0,0
75,510,0,1,46,214.1,62,36.4,200.9,111,17.08,246.8,126,11.11,9.2,6,2.48,0,0.17000607164541592,0,0.8674689032048944,0,0.17578125,0,0
73,415,0,0,0,192.2,86,32.67,168.6,116,14.33,139.8,87,6.29,9.4,6,2.54,1,0.1699703449352271,0,1.374722838137472,0,0.46153846153846156,0,0
107,510,0,1,31,160.3,45,27.25,221.5,70,18.83,261.6,109,11.77,5.6,1,1.51,1,0.16998315763208782,0,0.6127441611559191,0,0.17578125,0,0
85,415,1,0,0,197.2,97,33.52,211.7,115,17.99,210.1,133,9.45,8.3,4,2.24,4,0.16997109680036512,1,0.9385559944790824,0,1.0,1,-100
182,415,0,0,0,279.1,124,47.45,180.5,108,15.34,217.5,104,9.79,9.5,11,2.57,2,0.17000465766185374,0,1.2831593949703464,1,0.46153846153846156,0,-400
46,510,0,0,0,250.3,100,42.55,260.6,90,22.15,195.0,104,8.78,13.3,2,3.59,2,0.16998921337541448,0,1.2835239218501617,1,0.46153846153846156,0,-400
85,510,0,1,21,283.2,110,48.14,239.7,108,20.37,149.5,80,6.73,6.3,1,1.7,5,0.1699798735920342,1,1.8941876797538626,0,0.17578125,0,0
58,510,0,0,0,131.9,96,22.42,167.6,107,14.25,205.9,106,9.27,14.7,5,3.97,3,0.16996436964597075,0,0.640571123306299,0,0.46153846153846156,0,0
166,510,0,0,0,204.2,115,34.71,179.9,152,15.29,216.8,109,9.76,9.5,5,2.57,1,0.16997208755692672,0,0.9418384760850513,0,0.46153846153846156,0,0
185,408,0,1,29,151.1,121,25.69,244.7,88,20.8,154.4,91,6.95,13.8,2,3.73,2,0.17000860300443388,0,0.9785635645359756,0,0.17578125,0,0
86,510,0,0,0,70.7,125,12.02,211.0,113,17.94,174.6,107,7.86,0.0,0,0.0,2,0.16999010041012583,0,0.4049023538170781,0,0.46153846153846156,0,0
130,510,0,1,26,257.2,108,43.72,224.3,122,19.07,204.0,118,9.18,12.6,4,3.4,1,0.1699778391197854,0,1.2607225136022744,0,0.17578125,0,0
113,415,0,0,0,61.2,111,10.4,92.3,88,7.85,197.4,114,8.88,13.7,3,3.7,5,0.16990687796111748,1,0.31001469023858974,1,0.46153846153846156,0,-400
35,408,0,0,0,138.1,115,23.48,158.2,82,13.45,215.7,118,9.71,10.3,2,2.78,5,0.170009412786909,1,0.6402113949283761,1,0.46153846153846156,0,-400
101,408,0,0,0,239.0,156,40.63,273.0,106,23.21,278.2,93,12.52,13.5,8,3.65,1,0.1699928873268901,0,0.859063297509076,1,0.46153846153846156,0,-400
173,415,0,0,0,191.4,114,32.54,168.5,138,14.32,109.3,99,4.92,10.3,3,2.78,1,0.17000156731623217,0,1.7509834415881438,0,0.46153846153846156,0,0
91,415,0,1,20,146.1,98,24.84,277.4,104,23.58,137.7,100,6.2,6.2,3,1.67,1,0.17000889740606395,0,1.0609251325248712,0,0.17578125,0,0
96,415,0,1,45,248.8,124,42.3,140.3,77,11.93,263.6,102,11.86,10.3,2,2.78,3,0.17000924400144687,0,0.9438185197830128,0,0.17578125,0,0
31,415,0,0,0,97.5,129,16.58,260.4,78,22.13,88.7,100,3.99,7.0,5,1.89,1,0.17003384268280175,0,1.0990869124112275,0,0.46153846153846156,0,0
180,415,0,0,0,224.9,105,38.23,250.0,101,21.25,216.1,73,9.72,6.7,5,1.81,3,0.16997910275221198,0,1.0406737309703393,1,0.46153846153846156,0,-400
36,415,0,1,16,149.4,111,25.4,131.8,113,11.2,132.7,87,5.97,6.7,2,1.81,0,0.17000200789773107,0,1.125762941752694,0,0.17578125,0,0
48,415,0,0,0,171.9,98,29.22,159.0,127,13.52,139.5,101,6.28,7.6,3,2.05,2,0.16997266011284975,0,1.2321697369364204,0,0.46153846153846156,0,0
142,408,0,1,24,239.8,103,40.77,285.9,65,24.3,256.7,106,11.55,9.5,4,2.57,0,0.17000959092614987,0,0.9341280043628999,0,0.17578125,0,0
85,510,0,0,0,211.5,100,35.96,184.6,88,15.69,164.3,131,7.39,13.3,4,3.59,2,0.17001560209919153,0,1.2872010224575496,0,0.46153846153846156,0,0
103,510,0,1,29,164.1,111,27.9,219.1,96,18.62,220.3,108,9.91,12.3,9,3.32,0,0.17000792151605632,0,0.7448595161363533,0,0.17578125,0,0
69,415,0,0,0,167.5,76,28.48,242.1,92,20.58,101.2,103,4.55,11.4,4,3.08,2,0.17001970031639904,0,1.6549748048611796,0,0.46153846153846156,0,0
91,510,0,0,0,231.8,120,39.41,150.6,106,12.8,269.2,129,12.11,11.6,7,3.13,3,0.1700099219188128,0,0.8610378514914009,0,0.46153846153846156,0,0
106,415,0,0,0,114.4,104,19.45,78.3,101,6.66,232.7,78,10.47,0.0,0,0.0,2,0.17000262214841358,0,0.49159898586223205,0,0.46153846153846156,0,0
112,415,0,0,0,214.8,112,36.52,209.7,104,17.82,164.4,97,7.4,9.4,5,2.54,3,0.1700107071365393,0,1.3064898728787788,0,0.46153846153846156,0,0
185,415,0,1,19,157.3,123,26.74,257.7,94,21.9,190.4,107,8.57,9.6,6,2.59,0,0.16998283643760725,0,0.8261120739456962,0,0.17578125,0,0
133,408,0,1,44,174.0,80,29.58,209.4,113,17.8,224.1,87,10.08,14.1,7,3.81,2,0.16999023044652606,0,0.7764044442461292,1,0.17578125,0,-400
8,415,0,1,36,242.9,67,41.29,170.9,59,14.53,177.3,130,7.98,4.8,12,1.3,1,0.1699806512700177,0,1.3699170943545202,0,0.17578125,0,0
176,415,0,1,23,283.2,130,48.14,162.6,74,13.82,177.7,104,8.0,7.2,6,1.94,1,0.1699798735920342,0,1.5936075628833495,0,0.17578125,0,0
83,415,0,1,25,191.3,95,32.52,250.7,136,21.31,249.4,86,11.22,17.6,5,4.75,2,0.16998588678061785,0,0.7670101439396978,0,0.17578125,0,0
79,510,0,1,31,103.1,90,17.53,243.0,135,20.66,76.4,92,3.44,12.2,8,3.29,3,0.17001260789448164,0,1.3492998298652006,0,0.17578125,0,0
153,408,0,0,0,154.6,56,26.28,263.0,84,22.36,367.7,89,16.55,15.5,2,4.19,1,0.1699760688183171,0,0.4204400206684616,0,0.46153846153846156,0,0
100,510,0,1,30,58.8,104,10.0,219.5,107,18.66,152.3,118,6.85,7.1,3,1.92,0,0.17003910899506888,0,0.3860547567461099,0,0.17578125,0,0
76,415,0,0,0,169.5,77,28.82,124.0,87,10.54,219.4,92,9.87,10.0,3,2.7,0,0.17001946787800132,0,0.7725263205870289,0,0.46153846153846156,0,0
58,408,0,1,20,194.5,110,33.07,213.7,89,18.16,236.6,92,10.65,9.5,2,2.57,1,0.17001696570870392,0,0.8220278094755082,0,0.17578125,0,0
94,415,0,0,0,181.5,98,30.86,199.9,88,16.99,287.7,114,12.95,6.6,5,1.78,1,0.17001818081648395,0,0.6308435577491224,0,0.46153846153846156,0,0
123,408,0,0,0,236.2,135,40.15,273.9,88,23.28,227.0,77,10.22,10.1,6,2.73,2,0.16997586893018923,0,1.0404827981146205,1,0.46153846153846156,0,-400
48,415,0,0,0,190.4,92,32.37,317.5,85,26.99,133.4,113,6.0,8.3,4,2.24,2,0.17000157554750275,0,1.4271793718611798,0,0.46153846153846156,0,0
143,510,0,0,0,155.4,112,26.42,290.9,92,24.73,228.4,91,10.28,13.9,5,3.75,1,0.17000193037771058,0,0.6803555010726325,0,0.46153846153846156,0,0
70,415,0,0,0,232.8,95,39.58,303.4,111,25.79,255.6,104,11.5,12.9,7,3.48,0,0.17000987930071731,0,0.9107624897304488,1,0.46153846153846156,0,-400
170,510,1,0,0,259.9,68,44.18,245.0,122,20.83,134.4,121,6.05,8.4,3,2.27,3,0.16998191681735988,0,1.9336358901867419,0,1.0,1,-100
80,408,0,0,0,209.9,74,35.68,195.1,77,16.58,208.2,119,9.37,8.8,4,2.38,2,0.16997760945166976,0,1.0081168051486482,0,0.46153846153846156,0,0
90,408,0,1,27,156.7,51,26.64,236.5,118,20.1,123.2,111,5.54,12.6,6,3.4,2,0.16999553315040522,0,1.2718123528934338,0,0.17578125,0,0
129,415,0,0,0,216.0,85,36.72,186.9,114,15.89,210.7,109,9.48,4.9,10,1.32,2,0.16999212999398175,0,1.0251055953680415,0,0.46153846153846156,0,0
170,415,0,0,0,285.7,44,48.57,167.5,144,14.24,260.0,97,11.7,8.7,4,2.35,1,0.16999754996324945,0,1.098803892157994,1,0.46153846153846156,0,-400
108,408,0,1,32,209.5,108,35.62,109.6,64,9.32,189.7,145,8.54,9.1,6,2.46,6,0.1700157510381366,1,1.1043171155974911,1,0.17578125,0,-400
57,408,0,1,39,213.0,115,36.21,191.1,112,16.24,182.7,115,8.22,9.5,3,2.57,0,0.16999201915403034,0,1.165781840074435,0,0.17578125,0,0
116,415,0,1,44,230.6,94,39.2,224.1,103,19.05,244.0,76,10.98,11.1,2,3.0,0,0.16998395559602794,0,0.9450432359329536,0,0.17578125,0,0
119,415,0,0,0,133.4,102,22.68,204.6,71,17.39,196.9,103,8.86,11.1,7,3.0,1,0.1700022487069935,0,0.6774668630338734,0,0.46153846153846156,0,0
135,510,0,0,0,246.8,129,41.96,187.8,121,15.96,154.5,109,6.95,12.6,5,3.4,1,0.17000931890928245,0,1.597307617629927,0,0.46153846153846156,0,0
22,408,0,0,0,207.7,116,35.31,210.6,99,17.9,238.2,88,10.72,9.6,5,2.59,0,0.16999662991671083,0,0.8719197346878804,0,0.46153846153846156,0,0
117,408,1,0,0,167.1,86,28.41,177.5,87,15.09,249.4,132,11.22,14.1,7,3.81,2,0.17000777930704328,0,0.6699811555270438,1,1.0,1,60
119,415,0,0,0,231.5,82,39.36,266.9,97,22.69,211.0,118,9.49,7.4,10,2.0,1,0.17001425424387717,0,1.0971044026349464,0,0.46153846153846156,0,0
65,408,0,0,0,187.9,116,31.94,157.6,117,13.4,227.3,86,10.23,7.5,6,2.03,1,0.16997498802618274,0,0.8266244335928907,0,0.46153846153846156,0,0
135,415,0,1,22,197.1,113,33.51,259.4,95,22.05,134.7,135,6.06,14.6,5,3.94,2,0.17000659530211557,0,1.4631430480290997,0,0.17578125,0,0
183,415,0,1,8,86.5,119,14.71,285.2,97,24.24,180.4,133,8.12,8.7,2,2.35,2,0.1700381458790891,0,0.4794634443766975,0,0.17578125,0,0
78,415,0,1,25,197.4,73,33.56,295.7,113,25.13,211.7,73,9.53,13.2,2,3.56,0,0.17000151967985414,0,0.932407538614142,0,0.17578125,0,0
127,510,1,0,0,180.9,114,30.75,209.5,118,17.81,249.9,105,11.25,7.4,4,2.0,2,0.16997402023105412,0,0.7238605898123325,0,1.0,1,-100
99,415,0,0,0,200.0,66,34.0,107.9,104,9.17,233.7,82,10.52,11.4,2,3.08,3,0.16999150042497876,0,0.8557614137178555,0,0.46153846153846156,0,0
115,408,0,0,0,147.9,109,25.14,228.4,117,19.41,299.7,90,13.49,9.6,9,2.59,3,0.16996822391995134,0,0.4934770277935338,0,0.46153846153846156,0,0
118,415,0,1,24,118.1,83,20.08,109.6,72,9.32,245.5,73,11.05,16.9,2,4.56,1,0.17001100668868002,0,0.48103946886073884,0,0.17578125,0,0
112,415,0,0,0,185.4,114,31.52,191.4,119,16.27,144.0,78,6.48,10.0,11,2.7,2,0.17000161803570465,0,1.2874105964863551,0,0.46153846153846156,0,0
160,510,0,0,0,121.8,97,20.71,89.3,97,7.59,150.7,92,6.78,10.3,5,2.78,1,0.1700188818651999,0,0.8081746400371576,0,0.46153846153846156,0,0
140,408,0,0,0,149.8,134,25.47,164.4,98,13.97,294.7,124,13.26,8.1,2,2.19,1,0.17001535278018823,0,0.5082962912693836,0,0.46153846153846156,0,0
83,415,0,1,30,272.5,105,46.33,253.0,83,21.51,180.8,123,8.14,8.7,6,2.35,3,0.1700121096473524,0,1.507106907803772,0,0.17578125,0,0
225,415,0,0,0,165.4,106,28.12,273.7,109,23.26,210.0,93,9.45,8.7,3,2.35,0,0.17000181367511033,0,0.7875815437360126,1,0.46153846153846156,0,-400
120,415,0,1,31,153.5,83,26.1,219.1,96,18.62,237.4,76,10.68,11.4,4,3.08,0,0.1700214969708814,0,0.6465608019881218,0,0.17578125,0,0
113,415,0,1,23,149.0,104,25.33,235.8,67,20.04,201.8,76,9.08,9.5,5,2.57,4,0.16998859136970673,1,0.7383182201080224,0,0.17578125,0,0
63,415,0,1,33,184.2,111,31.31,312.6,89,26.57,264.0,55,11.88,12.2,4,3.29,1,0.16996905705444873,0,0.6977008446649748,0,0.17578125,0,0
86,510,0,0,0,141.3,72,24.02,154.3,95,13.12,210.6,91,9.48,8.2,5,2.21,1,0.16998089307196942,0,0.6709083139452069,0,0.46153846153846156,0,0
136,415,0,1,31,143.1,88,24.33,236.6,65,20.11,227.8,120,10.25,11.4,5,3.08,2,0.17000908392145903,0,0.6281550414819367,0,0.17578125,0,0
107,510,0,1,28,201.8,79,34.31,304.9,128,25.92,225.6,133,10.15,11.9,8,3.21,1,0.1700113968584312,0,0.8944638978768673,0,0.17578125,0,0
131,408,0,0,0,240.9,108,40.95,167.4,91,14.23,322.2,109,14.5,14.7,8,3.97,3,0.16998049063965798,0,0.7476490487570219,0,0.46153846153846156,0,0
99,510,1,1,39,126.8,94,21.56,293.6,115,24.96,174.1,91,7.83,8.4,4,2.27,0,0.1700181373708698,0,0.7282752283039459,0,1.0,1,-100
93,415,0,0,0,190.2,68,32.33,262.2,64,22.29,130.0,92,5.85,8.8,4,2.38,0,0.169970033121287,0,1.4629643873548188,0,0.46153846153846156,0,0
90,415,0,0,0,205.7,138,34.97,161.9,83,13.76,269.7,104,12.14,12.5,6,3.38,2,0.16999659715132956,0,0.7626710170182789,0,0.46153846153846156,0,0
112,415,0,0,0,174.3,123,29.63,140.2,124,11.92,215.4,89,9.69,9.0,6,2.43,4,0.16998451035511444,1,0.8091546353465485,1,0.46153846153846156,0,-400
116,510,0,0,0,189.5,90,32.22,189.8,118,16.13,205.8,83,9.26,13.1,2,3.54,1,0.1700174133291119,0,0.9207521500413002,0,0.46153846153846156,0,0
116,408,0,0,0,173.5,93,29.5,194.1,76,16.5,208.0,112,9.36,16.2,10,4.37,3,0.1700190190767103,0,0.834094514686794,0,0.46153846153846156,0,0
106,415,0,1,31,197.4,125,33.56,123.4,110,10.49,115.6,101,5.2,12.3,4,3.32,3,0.17000151967985414,0,1.7074647521840671,0,0.17578125,0,0
169,408,0,0,0,266.7,105,45.34,158.2,88,13.45,287.7,111,12.95,13.8,3,3.73,3,0.1699973754264932,0,0.9269750790726774,1,0.46153846153846156,0,-400
111,408,0,0,0,99.3,112,16.88,270.5,136,22.99,225.3,94,10.14,9.0,6,2.43,3,0.1699728124055986,0,0.4407261106919355,0,0.46153846153846156,0,0
160,415,0,0,0,176.2,90,29.95,196.0,115,16.66,263.9,95,11.88,9.2,4,2.48,1,0.16996765223313093,0,0.667651851009814,0,0.46153846153846156,0,0
115,510,0,1,16,133.3,110,22.66,185.7,111,15.78,161.5,113,7.27,5.6,4,1.51,2,0.16997974645562974,0,0.8253358925143955,0,0.17578125,0,0
112,415,0,1,22,181.8,110,30.91,228.1,123,19.39,262.7,141,11.82,9.2,4,2.48,2,0.17001265056927561,0,0.6920178143199727,0,0.17578125,0,0
62,408,0,0,0,321.1,105,54.59,265.5,122,22.57,180.5,72,8.12,11.5,2,3.11,4,0.17000404845691508,1,1.7788488172400423,1,0.46153846153846156,0,-400
62,415,0,0,0,120.7,70,20.52,307.2,76,26.11,203.0,99,9.14,13.1,6,3.54,4,0.1699942009775495,1,0.5945519925126841,0,0.46153846153846156,0,0
55,415,0,0,0,132.0,103,22.44,279.6,114,23.77,180.0,74,8.1,13.5,4,3.65,0,0.16998712218771309,0,0.7332925948558414,0,0.46153846153846156,0,0
65,415,0,0,0,116.8,87,19.86,178.9,93,15.21,182.4,150,8.21,14.1,2,3.81,1,0.1700196900950261,0,0.640315772161614,0,0.46153846153846156,0,0
119,510,1,1,22,172.1,119,29.26,223.6,133,19.01,150.0,94,6.75,13.9,20,3.75,1,0.17000755330893036,0,1.1472568495433637,1,0.0845771144278607,0,-400
124,415,0,0,0,254.3,113,43.23,78.9,104,6.71,153.2,69,6.89,11.8,2,3.19,2,0.16998938303645156,0,1.6598133281117424,0,0.46153846153846156,0,0
185,415,1,1,30,154.1,114,26.2,118.7,106,10.09,258.4,105,11.63,12.9,3,3.48,2,0.1700084355330608,0,0.5963391509616501,0,1.0,1,-100
102,408,0,0,0,273.2,85,46.44,211.1,82,17.94,203.7,129,9.17,13.1,7,3.54,2,0.16997913692763808,0,1.3411221834961466,1,0.46153846153846156,0,-400
146,510,1,0,0,204.4,135,34.75,219.1,90,18.62,222.7,114,10.02,10.5,6,2.84,3,0.17000146763856955,0,0.9177854609132954,0,1.0,1,-100
140,415,0,0,0,120.3,108,20.45,240.4,84,20.43,216.4,74,9.74,7.7,3,2.08,4,0.16997755797523065,1,0.5558892842290097,1,0.46153846153846156,0,-400
48,510,0,0,0,128.2,71,21.79,48.1,78,4.09,116.3,80,5.23,8.9,3,2.4,0,0.16995554168941582,0,1.10222680766916,0,0.46153846153846156,0,0
118,408,1,1,21,156.5,122,26.61,209.2,125,17.78,158.7,81,7.14,11.1,3,3.0,4,0.17002108491470194,1,0.9860752315544076,1,1.0,1,60
101,415,1,0,0,133.5,51,22.7,219.6,96,18.67,210.0,74,9.45,11.7,4,3.16,1,0.1700247172496442,0,0.6356840150469025,0,1.0,1,-100
27,510,0,0,0,232.1,81,39.46,210.8,101,17.92,165.4,87,7.44,15.0,6,4.05,5,0.1700056007927276,1,1.4031799770267819,0,0.46153846153846156,0,0
149,408,0,1,28,180.7,92,30.72,187.8,64,15.96,265.5,53,11.95,12.6,3,3.4,3,0.1699961263903492,0,0.6805770027494256,0,0.17578125,0,0
151,510,0,0,0,235.9,104,40.1,80.6,91,6.85,212.8,116,9.58,5.8,2,1.57,3,0.16998007714806496,0,1.1085005403881396,0,0.46153846153846156,0,0
46,408,0,0,0,139.4,81,23.7,223.7,113,19.01,173.1,77,7.79,13.6,6,3.67,1,0.17000215192597373,0,0.8052683264976028,0,0.46153846153846156,0,0
53,415,0,0,0,205.1,86,34.87,160.5,95,13.64,149.5,142,6.73,10.7,2,2.89,3,0.17000633806250304,0,1.3718145943415156,0,0.46153846153846156,0,0
78,415,0,0,0,155.0,106,26.35,175.3,101,14.9,155.6,125,7.0,11.8,5,3.19,2,0.16998903296561513,0,0.9960799434483646,0,0.46153846153846156,0,0
152,510,0,1,20,214.6,108,36.48,96.6,82,8.21,170.7,145,7.68,7.9,5,2.13,1,0.16998275942407157,0,1.2571026887704295,0,0.17578125,0,0
81,415,0,0,0,153.5,99,26.1,197.6,102,16.8,198.5,86,8.93,6.3,2,1.7,2,0.1700214969708814,0,0.7732607929071583,0,0.46153846153846156,0,0
113,408,0,1,34,44.9,63,7.63,134.2,82,11.41,168.4,118,7.58,13.3,3,3.59,1,0.16989534624805167,0,0.26661124636304256,0,0.17578125,0,0
97,415,1,0,0,143.7,117,24.43,273.0,82,23.21,178.3,81,8.02,10.9,3,2.94,0,0.16999512907939604,0,0.8058998373618977,0,1.0,1,-100
34,415,0,0,0,193.7,74,32.93,126.9,84,10.79,221.2,166,9.95,8.8,4,2.38,0,0.1699963863507305,0,0.8756385335201845,0,0.46153846153846156,0,0
79,415,0,1,17,167.9,114,28.54,243.7,93,20.71,211.9,114,9.54,9.1,2,2.46,1,0.16997200881424573,0,0.7923174932754472,0,0.17578125,0,0
177,408,0,0,0,175.4,99,29.82,155.3,83,13.2,179.4,86,8.07,11.5,3,3.11,1,0.17000171027877545,0,0.9776489604815786,0,0.46153846153846156,0,0
55,510,0,0,0,119.7,148,20.35,231.8,96,19.7,222.3,113,10.0,4.6,2,1.24,2,0.16999415253529362,0,0.5384373172596825,0,0.46153846153846156,0,0
130,510,0,0,0,154.2,119,26.21,110.2,98,9.37,227.4,117,10.23,9.2,5,2.48,2,0.16996303741650998,0,0.6780704454509476,0,0.46153846153846156,0,0
113,415,0,0,0,215.9,93,36.7,240.1,85,20.41,156.7,123,7.05,4.9,5,1.32,3,0.1699782316706035,0,1.3777040393082767,0,0.46153846153846156,0,0
78,510,0,0,0,168.3,110,28.61,221.2,73,18.8,241.0,136,10.85,12.5,1,3.38,1,0.16998395817241993,0,0.6983112733911456,0,0.46153846153846156,0,0
115,415,0,0,0,245.2,105,41.68,159.0,109,13.52,229.9,74,10.35,7.2,8,1.94,0,0.1699767546184903,0,1.066504284285155,0,0.46153846153846156,0,0
92,415,0,0,0,197.2,113,33.52,242.3,116,20.6,192.0,76,8.64,11.0,5,2.97,2,0.16997109680036512,0,1.027029842195719,0,0.46153846153846156,0,0
54,510,0,0,0,210.5,102,35.79,204.5,83,17.38,127.8,53,5.75,8.5,5,2.3,1,0.17001567621490665,0,1.6469759799702683,0,0.46153846153846156,0,0
57,415,0,0,0,158.1,117,26.88,115.2,149,9.79,182.4,92,8.21,11.8,7,3.19,0,0.17000822212383784,0,0.8667287977632805,0,0.46153846153846156,0,0
39,415,0,0,0,295.4,126,50.22,232.1,117,19.73,204.4,123,9.2,11.5,2,3.11,1,0.17000101553772723,0,1.4451347781419694,1,0.46153846153846156,0,-400
138,510,0,1,21,19.5,149,3.32,140.9,109,11.98,179.7,111,8.09,7.9,1,2.13,0,0.1701691440287032,0,0.10850815202270325,0,0.17578125,0,0
93,408,0,0,0,164.5,95,27.97,230.9,87,19.63,149.9,91,6.75,9.9,3,2.67,4,0.17002005957084676,1,1.097325061703689,0,0.46153846153846156,0,0
102,408,0,1,29,214.7,86,36.5,314.3,109,26.72,280.2,110,12.61,14.3,2,3.86,0,0.169996739788552,0,0.766211055993719,0,0.17578125,0,0
189,415,0,1,30,155.2,116,26.38,195.5,50,16.62,170.1,108,7.65,15.4,6,4.16,1,0.16996327556214164,0,0.9123508318147081,0,0.17578125,0,0
25,408,0,0,0,178.8,90,30.4,141.2,72,12.0,203.0,99,9.14,8.4,5,2.27,2,0.17001286281527878,0,0.8807447908970002,0,0.46153846153846156,0,0
67,415,1,0,0,120.9,58,20.55,235.0,88,19.98,95.1,130,4.28,11.4,11,3.08,2,0.1699611281118187,0,1.271159709809694,0,0.5076923076923077,0,0
102,510,1,0,0,233.8,103,39.75,221.6,131,18.84,146.9,106,6.61,12.8,3,3.46,0,0.17000983704717507,0,1.59145054795453,0,1.0,1,-100
105,408,0,0,0,270.9,98,46.05,226.2,110,19.23,178.8,60,8.05,8.8,5,2.38,0,0.16998265106492932,0,1.5150159387058888,1,0.46153846153846156,0,-400
69,408,0,0,0,185.3,91,31.5,219.1,88,18.62,243.6,107,10.96,5.5,5,1.49,0,0.16998542982030113,0,0.760642009769714,0,0.46153846153846156,0,0
46,408,0,0,0,210.2,92,35.73,227.3,77,19.32,200.1,116,9.0,13.1,7,3.54,1,0.16997288425859855,0,1.050422267752736,0,0.46153846153846156,0,0
61,415,0,1,20,254.4,133,43.25,161.7,96,13.74,251.4,91,11.31,10.5,4,2.84,0,0.17000117919893087,0,1.0118929239091523,0,0.17578125,0,0
86,408,0,0,0,126.3,115,21.47,168.8,112,14.35,154.6,95,6.96,9.8,7,2.65,2,0.1699786240202676,0,0.8168941206907704,0,0.46153846153846156,0,0
51,415,0,0,0,180.5,88,30.69,134.7,102,11.45,170.7,97,7.68,10.0,3,2.7,2,0.17001828153564902,0,1.0573487200515495,0,0.46153846153846156,0,0
177,408,0,0,0,227.8,81,38.73,161.8,97,13.75,217.0,106,9.76,8.0,5,2.16,1,0.17001009613274218,0,1.0497212110041012,0,0.46153846153846156,0,0
126,415,1,0,0,239.7,87,40.75,281.7,92,23.94,183.5,113,8.26,11.4,1,3.08,1,0.1699970798047641,0,1.306195847637731,1,1.0,1,60
97,415,0,0,0,146.0,121,24.82,203.0,141,17.26,151.8,120,6.83,13.3,2,3.59,1,0.16998835696185194,0,0.9617284763849548,0,0.46153846153846156,0,0
78,415,1,0,0,236.8,141,40.26,265.3,101,22.55,152.4,77,6.86,9.5,2,2.57,1,0.17000971242768464,0,1.5537038252083197,1,1.0,1,60
124,510,0,0,0,184.8,74,31.42,175.1,84,14.88,158.2,95,7.12,10.5,6,2.84,1,0.17001244521400358,0,1.1680677580431076,0,0.46153846153846156,0,0
113,415,0,0,0,187.6,97,31.89,208.2,118,17.7,158.9,101,7.15,8.7,6,2.35,2,0.16998027823676778,0,1.1805424454093512,0,0.46153846153846156,0,0
157,408,0,0,0,229.8,90,39.07,147.9,121,12.57,241.4,108,10.86,9.6,7,2.59,3,0.1700100082676994,0,0.9519075431837952,0,0.46153846153846156,0,0
115,415,0,0,0,245.0,97,41.65,250.7,75,21.31,270.2,124,12.16,13.7,8,3.7,1,0.16999306150769355,0,0.9067021945893935,1,0.46153846153846156,0,-400
122,408,0,0,0,231.2,141,39.3,267.8,136,22.76,240.3,100,10.81,8.8,5,2.38,1,0.16997534708706372,0,0.9620906329324622,1,0.46153846153846156,0,-400
70,510,1,0,0,226.7,98,38.54,228.1,115,19.39,73.2,93,3.29,17.6,4,4.75,2,0.16999691235499098,0,3.0965715066247776,1,1.0,1,60
112,415,1,1,16,200.3,72,34.05,197.8,91,16.81,151.1,92,6.8,10.4,3,2.81,1,0.16998652089261643,0,1.3255244523856795,0,1.0,1,-100
58,415,0,1,30,178.1,111,30.28,236.7,109,20.12,264.0,118,11.88,8.4,2,2.27,0,0.17000729886025492,0,0.6745956592553313,0,0.17578125,0,0
105,415,0,0,0,101.4,48,17.24,159.1,119,13.52,259.2,53,11.66,12.2,2,3.29,1,0.17000295828813722,0,0.39118861155048035,0,0.46153846153846156,0,0
137,510,0,0,0,147.2,119,25.02,192.8,91,16.39,172.7,105,7.77,10.2,4,2.75,1,0.16996127980436113,0,0.8522957558913786,0,0.46153846153846156,0,0
110,408,0,0,0,222.7,94,37.86,105.8,98,8.99,214.8,78,9.67,13.5,4,3.65,1,0.16999685689910649,0,1.036730133606443,0,0.46153846153846156,0,0
147,408,1,1,35,157.5,109,26.78,189.6,67,16.12,227.0,76,10.22,11.1,2,3.0,3,0.17002095105072695,0,0.6938020351526365,1,1.0,1,60
143,510,0,0,0,194.3,99,33.03,123.6,133,10.51,229.5,99,10.33,10.2,2,2.75,2,0.16998610467809172,0,0.8465862053941006,0,0.46153846153846156,0,0
126,415,0,0,0,190.9,143,32.45,149.7,72,12.72,191.4,87,8.61,13.0,3,3.51,1,0.16997538106961396,0,0.9973355624053081,0,0.46153846153846156,0,0
23,510,0,1,31,156.6,84,26.62,161.5,96,13.73,294.6,107,13.26,9.4,6,2.54,1,0.16997637443330568,0,0.5315501849903261,0,0.17578125,0,0
131,415,0,0,0,211.8,115,36.01,260.5,102,22.14,144.2,96,6.49,10.8,7,2.92,0,0.1700108587885369,0,1.468691491574787,0,0.46153846153846156,0,0
115,415,0,0,0,166.5,111,28.31,236.2,98,20.08,205.6,92,9.25,15.6,2,4.21,1,0.17001981862951174,0,0.809785516268664,0,0.46153846153846156,0,0
56,415,0,1,30,127.1,89,21.61,172.1,116,14.63,194.6,111,8.76,12.1,3,3.27,1,0.1700102273621273,0,0.6531010739427573,0,0.17578125,0,0
72,408,0,1,39,92.8,98,15.78,271.2,115,23.05,167.1,83,7.52,5.8,7,1.57,1,0.1700247818123047,0,0.5553228412422955,0,0.17578125,0,0
59,408,0,1,28,120.9,97,20.55,213.0,92,18.11,163.1,116,7.34,8.5,5,2.3,2,0.1699611281118187,0,0.7412175832260439,0,0.17578125,0,0
79,415,0,0,0,177.9,83,30.24,167.3,84,14.22,223.7,142,10.07,15.2,8,4.1,0,0.1699735821482772,0,0.7952259621831836,0,0.46153846153846156,0,0
136,415,0,0,0,250.2,121,42.53,267.1,118,22.7,151.0,114,6.8,13.0,2,3.51,1,0.16997721913592584,0,1.6568439176213496,1,0.46153846153846156,0,-400
140,415,0,0,0,160.5,114,27.29,240.5,103,20.44,233.5,121,10.51,11.3,4,3.05,1,0.1700205594666999,0,0.6873367307609952,0,0.46153846153846156,0,0
133,510,1,0,0,127.3,108,21.64,251.3,81,21.36,135.0,88,6.08,10.3,3,2.78,1,0.1699787919252219,0,0.9428931190282202,0,1.0,1,-100
52,415,0,1,32,130.1,68,22.12,247.2,77,21.01,289.4,87,13.02,13.5,5,3.65,2,0.17000999154561527,0,0.44953526139387034,0,0.17578125,0,0
59,415,0,0,0,204.3,65,34.73,247.3,123,21.02,214.7,94,9.66,12.0,4,3.24,1,0.16998678478782242,0,0.95151599832332,0,0.46153846153846156,0,0
141,510,0,1,22,215.4,123,36.62,328.7,98,27.94,160.5,89,7.22,7.8,6,2.11,1,0.17000139269300402,0,1.341972462774905,0,0.17578125,0,0
91,415,0,0,0,190.5,128,32.39,205.5,103,17.47,130.7,63,5.88,13.8,5,3.73,0,0.17001732192535826,0,1.457424833601102,0,0.46153846153846156,0,0
86,415,0,0,0,128.3,121,21.81,197.1,93,16.75,138.4,152,6.23,12.2,5,3.29,7,0.16997895721299974,1,0.9269561447872264,1,1.0,1,60
106,415,0,0,0,207.9,91,35.34,172.0,109,14.62,191.8,143,8.63,14.4,7,3.89,4,0.16997739406473958,1,1.0838850946248892,0,0.46153846153846156,0,0
115,415,1,0,0,180.0,119,30.6,198.8,126,16.9,217.1,70,9.77,12.4,3,3.35,1,0.1699905560802178,0,0.8290728202293769,0,1.0,1,-100
105,415,0,0,0,273.8,97,46.55,289.7,106,24.62,269.1,126,12.11,5.8,3,1.57,2,0.17000839998539133,0,1.0174278176210472,1,0.46153846153846156,0,-400
58,408,0,1,39,211.9,40,36.02,274.4,76,23.32,210.5,139,9.47,5.4,4,1.46,1,0.16997782077296966,0,1.0066030117334095,0,0.17578125,0,0
107,415,0,0,0,206.9,79,35.17,262.4,117,22.3,149.3,69,6.72,10.7,3,2.89,0,0.16997728480982072,0,1.3857075882392338,0,0.46153846153846156,0,0
66,415,0,1,29,229.4,104,39.0,257.4,84,21.88,231.5,119,10.42,8.0,1,2.16,2,0.17000130770236693,0,0.9908859228543044,0,0.17578125,0,0
67,415,1,1,35,181.1,59,30.79,215.9,116,18.35,216.3,106,9.73,16.9,4,4.56,0,0.170007177958147,0,0.83722435393648,1,1.0,1,60
27,408,0,0,0,82.6,105,14.04,204.0,99,17.34,224.2,122,10.09,9.1,4,2.46,1,0.16995521123350682,0,0.36840462066812363,0,0.46153846153846156,0,0
83,510,0,0,0,132.4,120,22.51,121.6,101,10.34,197.7,84,8.9,8.6,2,2.32,1,0.1700022656899026,0,0.6696676951089982,0,0.46153846153846156,0,0
110,408,0,0,0,162.0,81,27.54,247.5,89,21.04,155.5,99,7.0,8.9,8,2.4,0,0.16998950682056663,0,1.0417336505690953,0,0.46153846153846156,0,0
105,415,0,1,31,109.6,108,18.63,249.3,119,21.19,321.2,101,14.45,8.3,4,2.24,4,0.16996624395584345,1,0.3412098004420784,1,0.17578125,0,-400
117,510,0,0,0,214.4,94,36.45,138.0,149,11.73,148.7,102,6.69,9.9,1,2.67,2,0.1700013991884707,0,1.4417322305157692,0,0.46153846153846156,0,0
92,415,0,1,29,201.3,130,34.22,203.7,115,17.31,129.9,113,5.85,6.4,6,1.73,1,0.1699865878495852,0,1.5495342929720577,1,0.17578125,0,-400
65,415,1,0,0,277.9,123,47.24,155.8,112,13.24,256.9,71,11.56,9.2,10,2.48,0,0.1699830880500882,0,1.0817017632633996,1,0.5076923076923077,0,-400
129,408,0,0,0,161.3,122,27.42,220.6,95,18.75,224.7,104,10.11,9.6,3,2.59,1,0.16998326204203087,0,0.7178140714698946,0,0.46153846153846156,0,0
65,415,0,0,0,148.7,80,25.28,259.0,94,22.02,149.5,107,6.73,12.7,6,3.43,2,0.16999529285185935,0,0.9945823021871446,0,0.46153846153846156,0,0
90,415,0,1,42,193.3,66,32.86,263.3,85,22.38,214.4,97,9.65,11.1,4,3.0,0,0.1699860327970617,0,0.9015437712793247,0,0.17578125,0,0
85,510,1,0,0,216.0,73,36.72,188.2,117,16.0,147.1,98,6.62,3.6,7,0.97,2,0.16999212999398175,0,1.4682890354156755,0,1.0,1,-100
128,415,0,1,25,265.1,110,45.07,197.4,99,16.78,244.7,91,11.01,10.0,3,2.7,1,0.17000490362491041,0,1.0833231171590865,0,0.17578125,0,0
65,415,0,0,0,111.0,51,18.87,219.8,84,18.68,202.0,89,9.09,4.4,14,1.19,1,0.16998468606431852,0,0.5494777486263056,0,0.0845771144278607,0,0
85,415,0,1,29,144.6,97,24.58,140.0,102,11.9,165.4,148,7.44,10.9,3,2.94,1,0.16997441394094462,0,0.874191403179977,0,0.17578125,0,0
105,408,0,0,0,232.6,96,39.54,253.4,117,21.54,154.0,101,6.93,10.5,9,2.84,1,0.169984093547139,0,1.5102915395104215,0,0.46153846153846156,0,0
1,408,0,0,0,175.2,74,29.78,151.7,79,12.89,230.5,109,10.37,5.3,3,1.43,1,0.16996746761029624,0,0.7600537937616589,0,0.46153846153846156,0,0
132,415,0,0,0,197.8,66,33.63,133.9,119,11.38,177.3,94,7.98,10.9,3,2.94,4,0.17001162731914465,1,1.1155603180869664,1,0.46153846153846156,0,-400
112,510,0,0,0,217.1,76,36.91,205.2,100,17.44,185.7,91,8.36,9.4,3,2.54,2,0.1700059877481461,0,1.1690269775456357,0,0.46153846153846156,0,0
70,415,0,1,31,125.9,101,21.4,196.4,102,16.69,252.7,75,11.37,10.3,4,2.78,1,0.16996267174966243,0,0.4981995172331923,0,0.17578125,0,0
61,415,1,1,29,128.2,119,21.79,171.7,83,14.59,250.9,114,11.29,11.7,6,3.16,3,0.16995554168941582,0,0.5109401777529791,0,1.0,1,-100
144,510,1,0,0,203.5,100,34.6,247.6,103,21.05,194.3,94,8.74,11.9,11,3.21,0,0.17001621541938972,0,1.047295558643405,0,0.5076923076923077,0,0
89,415,0,0,0,89.5,66,15.22,179.3,104,15.24,225.1,116,10.13,12.3,1,3.32,3,0.17003686738911852,0,0.39758340366931727,0,0.46153846153846156,0,0
81,415,0,1,33,161.6,117,27.47,123.0,90,10.46,261.3,101,11.76,12.2,5,3.29,1,0.1699771053771425,0,0.6184225632390646,0,0.17578125,0,0
101,415,0,0,0,206.6,105,35.12,224.9,117,19.12,249.9,100,11.25,14.6,3,3.94,0,0.16998209186389818,0,0.8266976111400104,0,0.46153846153846156,0,0
83,415,0,0,0,195.0,92,33.15,210.5,83,17.89,180.6,92,8.13,11.0,13,2.97,0,0.16999128249833342,0,1.079674436631416,0,0.0845771144278607,0,0
157,415,1,0,0,180.4,123,30.67,194.0,98,16.49,227.3,88,10.23,8.4,5,2.27,0,0.17000166287899784,0,0.7936298447054683,0,1.0,1,-100
151,415,0,1,26,196.5,98,33.41,175.8,111,14.94,221.8,124,9.98,13.4,5,3.62,0,0.1700167930385222,0,0.8858933321311032,0,0.17578125,0,0
107,510,1,0,0,234.1,91,39.8,163.1,105,13.86,282.5,100,12.71,10.0,3,2.7,1,0.1700055529451967,0,0.8286432338678277,0,1.0,1,-100
123,415,0,0,0,128.7,126,21.88,117.6,94,10.0,198.4,132,8.93,10.8,5,2.92,0,0.1699945614171393,0,0.6486568217327755,0,0.46153846153846156,0,0
145,408,0,1,43,257.7,97,43.81,162.1,95,13.78,286.9,86,12.91,11.1,4,3.0,2,0.16999728376857712,0,0.8981910703704995,0,0.17578125,0,0
70,415,0,0,0,152.8,145,25.98,183.6,102,15.61,151.8,75,6.83,10.5,2,2.84,1,0.17001505137098358,0,1.0065213095316514,0,0.46153846153846156,0,0
124,415,0,1,28,251.4,104,42.74,225.1,89,19.13,251.9,121,11.34,7.5,5,2.03,1,0.17000119326995744,0,0.9979754674288437,0,0.17578125,0,0
77,510,0,1,28,135.9,117,23.1,244.5,102,20.78,207.5,74,9.34,11.5,3,3.11,4,0.16996541829151646,1,0.6549081971953159,1,0.17578125,0,-400
151,510,0,0,0,156.4,108,26.59,233.4,118,19.84,195.7,141,8.81,7.7,6,2.08,4,0.1700019180359312,1,0.7991415870420522,0,0.46153846153846156,0,0
117,415,0,0,0,168.8,137,28.7,241.4,107,20.52,204.8,106,9.22,15.5,4,4.19,0,0.17001362478526152,0,0.8241785069088424,0,0.46153846153846156,0,0
174,510,0,0,0,235.5,108,40.04,142.3,143,12.1,316.7,131,14.25,12.5,5,3.38,0,0.170014012143858,0,0.7435824571374444,0,0.46153846153846156,0,0
111,415,0,0,0,222.2,96,37.77,162.5,111,13.81,184.9,120,8.32,11.9,7,3.21,4,0.16997434858917243,1,1.2016656751933372,0,0.46153846153846156,0,0
12,408,0,0,0,249.6,118,42.43,252.4,119,21.45,280.2,90,12.61,11.8,3,3.19,1,0.16998517687592646,0,0.8907605010527819,1,0.46153846153846156,0,-400
70,408,0,0,0,232.1,122,39.46,292.3,112,24.85,201.2,112,9.05,0.0,0,0.0,3,0.1700056007927276,0,1.1535211967596044,0,0.46153846153846156,0,0
103,415,0,1,31,185.4,105,31.52,197.6,126,16.8,147.1,110,6.62,14.5,4,3.92,2,0.17000161803570465,0,1.2602814220651215,0,0.17578125,0,0
172,415,0,0,0,211.7,100,35.99,198.7,101,16.89,301.7,136,13.58,6.5,9,1.76,1,0.16999669359028863,0,0.7016671638328196,0,0.46153846153846156,0,0
55,408,1,0,0,221.0,115,37.57,165.4,97,14.06,235.4,117,10.59,9.7,4,2.62,1,0.16999230804036017,0,0.9387876470838112,0,1.0,1,-100
51,510,0,0,0,214.8,94,36.52,149.7,58,12.72,283.4,66,12.75,10.2,5,2.75,0,0.1700107071365393,0,0.7579125648353976,0,0.46153846153846156,0,0
52,510,0,1,38,169.3,88,28.78,225.9,97,19.2,172.0,86,7.74,8.2,3,2.21,0,0.16998405292067806,0,0.9842451020289519,0,0.17578125,0,0
75,510,0,1,38,163.6,132,27.81,146.7,113,12.47,345.8,115,15.56,13.1,3,3.54,3,0.16997738524540065,0,0.4730921604349209,0,0.17578125,0,0
107,415,0,1,14,114.3,132,19.43,199.8,91,16.98,194.7,74,8.76,7.5,8,2.03,1,0.1699763800192459,0,0.5870268604591444,0,0.17578125,0,0
100,415,0,0,0,113.3,96,19.26,197.9,89,16.82,284.5,93,12.8,11.7,2,3.16,4,0.16997617156473394,1,0.39822853326772345,1,0.46153846153846156,0,-400
116,408,0,0,0,133.3,94,22.66,247.8,126,21.06,219.0,78,9.86,11.3,5,3.05,5,0.16997974645562974,1,0.6086480069403224,1,0.46153846153846156,0,-400
65,415,0,0,0,245.7,139,41.77,241.9,113,20.56,285.3,117,12.84,4.2,5,1.13,4,0.16999715111310085,1,0.861168553503207,1,0.46153846153846156,0,-400
133,510,0,0,0,227.4,90,38.66,73.2,135,6.22,114.3,99,5.14,4.7,7,1.27,0,0.17000131920320125,0,1.9893272679555594,0,0.46153846153846156,0,0
88,415,0,1,17,219.5,78,37.32,222.1,94,18.88,188.3,92,8.47,16.1,5,4.35,1,0.17001503348366817,0,1.1656311401412565,0,0.17578125,0,0
59,510,0,0,0,166.3,95,28.27,239.3,87,20.34,123.2,108,5.54,10.0,3,2.7,2,0.16998376525765138,0,1.3497281064848632,0,0.46153846153846156,0,0
124,510,0,0,0,157.5,70,26.78,130.7,79,11.11,193.4,98,8.7,9.6,4,2.59,3,0.17002095105072695,0,0.8143322475570033,0,0.46153846153846156,0,0
59,510,0,1,29,133.1,114,22.63,221.2,82,18.8,131.6,103,5.92,6.8,3,1.84,1,0.17000976635865075,0,1.0113213281665527,0,0.17578125,0,0
95,510,0,0,0,157.3,116,26.74,197.5,77,16.79,128.2,111,5.77,8.4,4,2.27,2,0.16998283643760725,0,1.2268933780516342,0,0.46153846153846156,0,0
56,510,0,0,0,164.3,92,27.93,233.7,107,19.86,187.3,104,8.43,11.8,1,3.19,2,0.1699835676465218,0,0.8771555175911591,0,0.46153846153846156,0,0
123,510,0,0,0,194.0,118,32.98,242.0,114,20.57,146.3,108,6.58,12.1,4,3.27,1,0.16999123756507395,0,1.3259517462921195,0,0.46153846153846156,0,0
137,408,1,0,0,258.0,112,43.86,246.5,117,20.95,173.2,100,7.79,10.9,3,2.94,0,0.1699934111080966,0,1.4895213902199644,1,1.0,1,60
180,415,0,0,0,143.5,121,24.4,189.3,111,16.09,174.9,82,7.87,8.8,5,2.38,3,0.17002299491324646,0,0.8204219312789435,0,0.46153846153846156,0,0
90,415,0,0,0,198.5,124,33.75,266.6,100,22.66,243.3,80,10.95,8.0,7,2.16,2,0.1700166238476651,0,0.8158316550902142,0,0.46153846153846156,0,0
164,510,0,0,0,160.6,111,27.3,163.2,126,13.87,187.1,112,8.42,9.0,3,2.43,1,0.16997696282921365,0,0.8583186360964139,0,0.46153846153846156,0,0
67,510,0,0,0,152.5,131,25.93,252.4,107,21.45,185.4,104,8.34,4.9,3,1.32,2,0.17002163792538194,0,0.822501483199396,0,0.46153846153846156,0,0
101,510,0,0,0,0.0,0,0.0,192.1,119,16.33,168.8,95,7.6,7.2,4,1.94,1,0.0,0,0.0,0,0.46153846153846156,0,0
103,510,1,0,0,255.9,128,43.5,140.9,92,11.98,308.9,130,13.9,12.1,2,3.27,1,0.16998163416826229,0,0.8283966203748666,1,1.0,1,60
96,415,0,0,0,276.9,105,47.07,246.9,94,20.99,254.4,107,11.45,10.3,3,2.78,1,0.1699830269762739,0,1.088400613183444,1,0.46153846153846156,0,-400
110,415,0,0,0,178.5,124,30.35,146.9,141,12.49,217.1,102,9.77,9.9,7,2.67,1,0.1700184863593076,0,0.8221638800607988,0,0.46153846153846156,0,0
64,415,0,0,0,224.8,111,38.22,190.0,101,16.15,221.4,110,9.96,9.2,2,2.48,1,0.17001023086161646,0,1.0153109615645184,0,0.46153846153846156,0,0
101,415,0,0,0,269.7,85,45.85,207.6,86,17.65,214.2,107,9.64,4.5,15,1.22,3,0.1699974046197768,0,1.25904486251809,1,0.0845771144278607,0,-400
158,510,0,0,0,175.9,105,29.9,188.3,88,16.01,188.3,98,8.47,11.0,6,2.97,1,0.16997328179182536,0,0.9340980298444055,0,0.46153846153846156,0,0
110,415,0,0,0,271.1,108,46.09,237.0,122,20.15,239.9,122,10.8,9.8,5,2.65,2,0.17000479510161928,0,1.13000708599058,1,0.46153846153846156,0,-400
121,510,0,1,26,170.4,91,28.97,254.5,90,21.63,219.6,122,9.88,15.1,5,4.08,0,0.1700017604600669,0,0.7759209507763764,0,0.17578125,0,0
129,408,0,0,0,207.0,91,35.19,154.9,121,13.17,245.1,112,11.03,13.4,5,3.62,3,0.1699917878363364,0,0.8445187874831709,0,0.46153846153846156,0,0
91,408,0,0,0,133.7,75,22.73,195.3,87,16.6,280.5,89,12.62,5.9,2,1.59,0,0.1699947647894698,0,0.47663184913193823,0,0.46153846153846156,0,0
75,408,0,0,0,147.5,110,25.08,191.7,97,16.29,135.0,68,6.08,16.4,3,4.43,2,0.17002237136465323,0,1.0925116658025331,0,0.46153846153846156,0,0
107,415,0,1,37,60.0,102,10.2,102.2,80,8.69,261.8,106,11.78,11.1,3,3.0,0,0.16997167138810199,0,0.22917382834880257,0,0.17578125,0,0
68,415,0,0,0,148.8,70,25.3,246.5,164,20.95,129.8,103,5.84,12.1,3,3.27,3,0.17001545595054096,0,1.1462907326091982,0,0.46153846153846156,0,0
88,415,0,0,0,202.2,86,34.37,216.8,93,18.43,239.4,99,10.77,11.8,2,3.19,2,0.16997181148311163,0,0.8445762499477882,0,0.46153846153846156,0,0
100,415,0,1,27,221.7,100,37.69,236.1,70,20.07,192.7,91,8.67,8.0,4,2.16,0,0.1699968427224753,0,1.1504332935498938,0,0.17578125,0,0
64,415,0,0,0,97.2,80,16.52,186.2,90,15.83,189.0,92,8.5,10.4,6,2.81,2,0.16994136405719573,0,0.5142585048410138,0,0.46153846153846156,0,0
79,510,0,1,21,264.3,79,44.93,202.8,118,17.24,173.4,92,7.8,6.3,3,1.7,4,0.16998978472248497,1,1.5241335563116314,0,0.17578125,0,0
130,415,0,0,0,242.5,101,41.23,102.8,114,8.74,142.4,89,6.41,9.3,2,2.51,2,0.17001360768628096,0,1.7028298574538305,0,0.46153846153846156,0,0
107,415,0,0,0,260.5,108,44.29,102.4,110,8.7,129.7,148,5.84,9.8,5,2.65,1,0.17001266745998234,0,2.0083262662863315,0,0.46153846153846156,0,0
139,510,0,1,23,157.6,129,26.79,247.0,96,21.0,259.2,112,11.66,13.7,2,3.7,0,0.16997652433221244,0,0.6080012345202732,0,0.17578125,0,0
114,510,0,0,0,189.8,101,32.27,147.7,80,12.55,172.7,121,7.77,10.6,5,2.86,1,0.17001211738053845,0,1.0989520004632045,0,0.46153846153846156,0,0
132,415,0,1,31,174.5,101,29.67,245.6,105,20.88,172.8,76,7.78,10.3,9,2.78,1,0.17001891009111228,0,1.0097795266477634,0,0.17578125,0,0
84,510,0,0,0,203.4,125,34.58,182.9,88,15.55,213.7,121,9.62,13.8,2,3.73,1,0.17000147485374367,0,0.9517570539516168,0,0.46153846153846156,0,0
63,415,0,0,0,278.0,102,47.26,266.4,114,22.64,224.1,118,10.08,13.1,4,3.54,4,0.16999388511204633,1,1.240462272990942,1,0.46153846153846156,0,-400
54,408,0,0,0,159.8,99,27.17,264.0,64,22.44,115.7,70,5.21,9.7,7,2.62,2,0.1700143920906076,0,1.3810388039063175,0,0.46153846153846156,0,0
74,415,0,1,32,174.6,107,29.68,310.6,115,26.4,234.7,92,10.56,9.0,4,2.43,1,0.16997880991924863,0,0.7438967236163777,0,0.17578125,0,0
140,510,0,1,28,157.1,77,26.71,172.4,97,14.65,184.5,94,8.3,11.1,9,3.0,1,0.17000827445738656,0,0.8514443661590158,0,0.17578125,0,0
202,510,0,0,0,115.4,137,19.62,178.7,70,15.19,185.7,113,8.36,6.0,3,1.62,3,0.17000259942812582,0,0.6213989553605084,0,0.46153846153846156,0,0
54,415,1,0,0,214.1,77,36.4,240.5,94,20.44,188.9,75,8.5,10.1,3,2.73,1,0.17000607164541592,0,1.1333439203853686,0,1.0,1,-100
131,510,0,0,0,153.4,86,26.08,198.5,81,16.87,164.4,83,7.4,10.4,3,2.81,0,0.17000195554396713,0,0.9330332704823309,0,0.46153846153846156,0,0
126,510,0,0,0,122.4,88,20.81,143.8,111,12.22,157.0,106,7.07,11.5,3,3.11,1,0.170002450780165,0,0.7795681803706771,0,0.46153846153846156,0,0
95,415,0,1,22,40.9,126,6.95,133.4,90,11.34,264.2,91,11.89,11.9,7,3.21,0,0.1698851136641408,0,0.15480110518148443,0,0.17578125,0,0
92,408,0,1,28,151.1,90,25.69,194.8,79,16.56,239.2,114,10.76,10.0,3,2.7,1,0.17000860300443388,0,0.6316625559132144,0,0.17578125,0,0
128,415,0,0,0,148.5,105,25.25,243.0,106,20.66,255.2,114,11.48,6.8,2,1.84,1,0.17002222072587705,0,0.5818737510285648,0,0.46153846153846156,0,0
86,510,0,0,0,124.1,82,21.1,202.6,120,17.22,289.6,119,13.03,6.7,8,1.81,3,0.1700104745790025,0,0.42850730292462275,0,0.46153846153846156,0,0
16,510,0,0,0,144.8,84,24.62,164.9,141,14.02,231.5,75,10.42,8.2,4,2.21,2,0.17001588288101652,0,0.625458943458166,0,0.46153846153846156,0,0
131,415,0,1,34,156.6,134,26.62,71.0,95,6.04,261.7,120,11.78,13.4,10,3.62,1,0.16997637443330568,0,0.5983722440869665,0,0.17578125,0,0
76,408,0,0,0,173.2,93,29.44,131.2,80,11.15,170.9,104,7.69,5.4,3,1.46,0,0.16996709196928586,0,1.0133988648996548,0,0.46153846153846156,0,0
94,415,0,0,0,252.6,104,42.94,169.0,125,14.37,170.9,106,7.69,11.1,7,3.0,2,0.16998535291556155,0,1.4779708618571177,0,0.46153846153846156,0,0
111,510,0,0,0,197.1,117,33.51,227.8,128,19.36,214.0,101,9.63,9.3,11,2.51,0,0.17000659530211557,0,0.9209850007009018,0,0.46153846153846156,0,0
131,415,0,0,0,196.1,89,33.34,185.5,87,15.77,250.0,132,11.25,5.2,6,1.4,2,0.17000662893274185,0,0.7843686252549898,0,0.46153846153846156,0,0
96,415,0,1,21,247.6,95,42.09,256.3,150,21.79,158.6,72,7.14,10.8,6,2.92,2,0.16998505714631884,0,1.5610617237248599,0,0.17578125,0,0
157,510,0,0,0,168.6,71,28.66,205.1,48,17.43,175.8,88,7.91,5.9,2,1.59,3,0.16997805586857245,0,0.9589898185541209,0,0.46153846153846156,0,0
127,408,0,0,0,182.3,124,30.99,169.9,110,14.44,184.0,116,8.28,9.3,3,2.51,1,0.1699851900608853,0,0.9907070267920223,0,0.46153846153846156,0,0
138,510,0,0,0,146.5,101,24.91,284.5,142,24.18,176.0,98,7.92,14.0,6,3.78,3,0.17002252405979115,0,0.8323390716436566,0,0.46153846153846156,0,0
224,510,1,0,0,171.5,99,29.16,160.0,103,13.6,212.4,102,9.56,5.0,2,1.35,1,0.17001924086059123,0,0.807400781507462,1,1.0,1,60
97,415,0,0,0,168.6,87,28.66,259.2,105,22.03,279.8,123,12.59,7.3,4,1.97,1,0.16997805586857245,0,0.6025517315321111,0,0.46153846153846156,0,0
82,415,0,1,19,146.5,73,24.91,246.4,65,20.94,199.0,114,8.96,4.1,4,1.11,1,0.17002252405979115,0,0.7361439123662128,0,0.17578125,0,0
30,408,0,0,0,137.6,108,23.39,162.0,80,13.77,187.7,126,8.45,5.8,10,1.57,3,0.1699731124191556,0,0.7330456555324704,0,0.46153846153846156,0,0
124,510,0,1,37,161.2,109,27.4,204.2,79,17.36,231.5,87,10.42,8.9,4,2.4,1,0.1699646423919112,0,0.6962982160597814,0,0.17578125,0,0
107,510,0,1,25,248.6,91,42.26,119.3,115,10.14,194.3,83,8.74,12.0,1,3.24,1,0.16998511725192067,0,1.2793988986670783,0,0.17578125,0,0
68,408,0,0,0,131.6,89,22.37,137.0,109,11.65,256.3,107,11.53,10.2,5,2.75,3,0.16997188663475424,0,0.5134407553353361,0,0.46153846153846156,0,0
73,415,0,0,0,198.3,94,33.71,279.3,101,23.74,146.2,87,6.58,14.8,8,4.0,3,0.1699863849528516,0,1.3562683810956846,0,0.46153846153846156,0,0
136,415,0,1,21,179.4,88,30.5,181.1,97,15.39,320.7,120,14.43,9.5,4,2.57,2,0.1700016721475949,0,0.559383867044994,0,0.17578125,0,0
165,415,0,0,0,207.7,109,35.31,164.8,94,14.01,54.5,91,2.45,7.9,3,2.13,0,0.16999662991671083,0,3.8103100348559895,0,0.46153846153846156,0,0
81,408,0,0,0,166.2,102,28.25,217.6,112,18.5,220.2,68,9.91,13.2,2,3.56,4,0.16996570603453465,1,0.754734117433359,0,0.46153846153846156,0,0
90,415,0,0,0,76.1,121,12.94,290.3,73,24.68,236.9,89,10.66,10.8,3,2.92,0,0.17001708054132175,0,0.3212190283229918,0,0.46153846153846156,0,0
89,408,0,0,0,105.9,151,18.0,189.6,142,16.12,170.9,67,7.69,12.7,7,3.43,0,0.1699556226985176,0,0.6196243637001931,0,0.46153846153846156,0,0
68,415,0,0,0,232.4,76,39.51,153.3,103,13.03,214.6,107,9.66,10.5,2,2.84,1,0.17000129082225376,0,1.0828945529099296,0,0.46153846153846156,0,0
39,408,0,0,0,60.4,158,10.27,306.2,120,26.03,123.9,46,5.58,12.4,3,3.35,1,0.170004966065221,0,0.48745056896134287,0,0.46153846153846156,0,0
92,415,0,0,0,154.0,122,26.18,329.8,88,28.03,288.0,117,12.96,5.6,2,1.51,3,0.16998896175573017,0,0.5347036561230513,1,0.46153846153846156,0,-400
138,510,1,0,0,196.2,129,33.35,176.5,86,15.0,232.4,108,10.46,15.2,1,4.1,0,0.1699709494928903,0,0.8441977539692784,1,1.0,1,60
103,415,0,0,0,198.5,112,33.75,42.5,90,3.61,179.2,124,8.06,12.4,5,3.35,0,0.1700166238476651,0,1.1076390826404778,0,0.46153846153846156,0,0
120,510,0,0,0,198.8,56,33.8,230.1,73,19.56,119.8,81,5.39,9.9,3,2.67,2,0.17001156883456564,0,1.6592938819798013,0,0.46153846153846156,0,0
180,510,0,0,0,139.0,96,23.63,224.9,64,19.12,170.8,118,7.69,15.7,5,4.24,2,0.16998777066398102,0,0.8137696856155963,0,0.46153846153846156,0,0
101,415,0,1,42,209.2,82,35.56,159.7,74,13.57,181.6,100,8.17,9.5,3,2.57,0,0.1699727546484394,0,1.1519189471945377,0,0.17578125,0,0
117,415,0,0,0,201.9,86,34.32,212.3,96,18.05,176.9,98,7.96,7.8,10,2.11,1,0.16997672230201574,0,1.1412582669153808,0,0.46153846153846156,0,0
40,510,1,0,0,170.7,55,29.02,179.1,108,15.22,281.9,89,12.69,8.2,9,2.21,3,0.16999589947864802,0,0.6055123975736938,0,1.0,1,-100
161,510,0,1,38,240.4,112,40.87,201.8,102,17.15,206.1,112,9.27,16.1,6,4.35,0,0.1700012478682251,0,1.1663674736791034,0,0.17578125,0,0
75,415,0,1,39,198.2,107,33.69,280.4,132,23.83,129.6,73,5.83,11.3,7,3.05,1,0.1699712426214621,0,1.5292029935961733,0,0.17578125,0,0
160,415,0,0,0,174.3,105,29.63,171.3,107,14.56,220.8,131,9.94,8.3,2,2.24,0,0.16998451035511444,0,0.7893664236221186,0,0.46153846153846156,0,0
95,415,0,0,0,69.4,79,11.8,190.8,109,16.22,219.9,102,9.9,8.9,5,2.4,0,0.1700043221437833,0,0.3155836478559411,0,0.46153846153846156,0,0
76,415,0,0,0,224.4,121,38.15,147.9,97,12.57,183.8,74,8.27,6.7,2,1.81,2,0.1700013368388218,0,1.220825852782765,0,0.46153846153846156,0,0
74,415,0,0,0,85.7,83,14.57,247.7,67,21.05,142.4,85,6.41,10.1,5,2.73,2,0.16999183292497957,0,0.6017835826135806,0,0.46153846153846156,0,0
106,510,1,0,0,204.0,84,34.68,168.5,61,14.32,164.0,102,7.38,13.3,3,3.59,3,0.16999166707514338,0,1.243826595939272,1,1.0,1,60
70,415,0,0,0,213.4,86,36.28,204.7,77,17.4,256.6,101,11.55,5.7,4,1.54,1,0.17000140574481046,0,0.8316121741163633,0,0.46153846153846156,0,0
142,510,0,1,40,237.4,105,40.36,175.9,93,14.95,210.3,110,9.46,9.2,3,2.48,3,0.17000126363674656,0,1.1288098521230565,0,0.17578125,0,0
112,415,0,0,0,335.5,77,57.04,212.5,109,18.06,265.0,132,11.93,12.7,8,3.43,2,0.1700098357724062,0,1.2659899626429192,1,0.46153846153846156,0,-400
110,510,0,0,0,208.0,69,35.36,95.1,94,8.08,178.5,129,8.03,8.0,11,2.16,1,0.16999182731599444,0,1.1652008290852054,0,0.46153846153846156,0,0
114,510,0,1,28,225.8,94,38.39,193.0,117,16.41,232.4,100,10.46,8.4,9,2.27,4,0.170010185554227,1,0.9715588830084765,0,0.17578125,0,0
89,408,0,0,0,197.1,110,33.51,165.9,115,14.1,227.3,106,10.23,12.8,3,3.46,1,0.17000659530211557,0,0.8670977959614623,0,0.46153846153846156,0,0
78,415,0,0,0,149.7,119,25.45,182.2,115,15.49,261.5,126,11.77,9.7,8,2.62,0,0.16999532429363437,0,0.572444648388207,0,0.46153846153846156,0,0
96,408,0,1,26,145.8,108,24.79,192.2,89,16.34,165.1,96,7.43,9.9,2,2.67,1,0.1700157739524038,0,0.8830476651929019,0,0.17578125,0,0
4,510,1,0,0,145.3,89,24.7,303.8,93,25.82,206.1,82,9.27,8.9,4,2.4,0,0.1699814190351662,0,0.704963369074766,0,1.0,1,-100
86,415,0,1,30,99.9,84,16.98,263.5,125,22.4,254.7,90,11.46,9.8,7,2.65,2,0.1699529576618957,0,0.3922107494798006,0,0.17578125,0,0
103,415,0,0,0,70.9,134,12.05,134.5,112,11.43,168.8,164,7.6,12.0,6,3.24,2,0.16993371879847693,0,0.41999881523606425,0,0.46153846153846156,0,0
74,415,0,1,35,154.1,104,26.2,123.4,84,10.49,202.1,57,9.09,10.9,9,2.94,2,0.1700084355330608,0,0.7624560882687645,0,0.17578125,0,0
131,415,0,1,25,192.7,85,32.76,225.9,105,19.2,254.2,59,11.44,10.9,6,2.94,2,0.16999636759898293,0,0.7580346957240077,0,0.17578125,0,0
126,415,1,1,34,244.9,118,41.63,219.6,105,18.67,210.8,136,9.49,9.7,6,2.62,4,0.16998080927687723,1,1.1617095963189603,0,1.0,1,-100
185,510,0,1,31,189.8,126,32.27,163.3,133,13.88,264.8,126,11.92,7.5,3,2.03,1,0.17001211738053845,0,0.7167403043691704,0,0.17578125,0,0
61,415,0,0,0,197.3,67,33.54,264.5,106,22.48,210.5,116,9.47,9.0,6,2.43,1,0.16998631594952104,0,0.9372476366918437,0,0.46153846153846156,0,0
124,415,0,0,0,167.4,119,28.46,233.2,143,19.82,109.6,115,4.93,10.3,5,2.78,0,0.1700017920076459,0,1.5272329167046803,0,0.46153846153846156,0,0
123,415,0,0,0,175.7,78,29.87,184.6,96,15.69,156.9,92,7.06,9.1,2,2.46,2,0.16999601616299587,0,1.119750175259703,0,0.46153846153846156,0,0
3,408,0,0,0,139.0,99,23.63,250.7,108,21.31,286.2,87,12.88,6.1,3,1.65,4,0.16998777066398102,1,0.4856573844380001,0,0.46153846153846156,0,0
95,510,0,0,0,142.5,109,24.23,176.1,107,14.97,189.6,88,8.53,8.2,3,2.21,2,0.17002315626973546,0,0.7515426401561099,0,0.46153846153846156,0,0
109,510,0,0,0,175.4,125,29.82,250.7,87,21.31,289.3,74,13.02,9.8,9,2.65,1,0.17000171027877545,0,0.6062700909059486,0,0.46153846153846156,0,0
192,415,0,1,36,156.2,77,26.55,215.5,126,18.32,279.1,83,12.56,9.9,6,2.67,2,0.16996351065872867,0,0.5596359858120453,0,0.17578125,0,0
78,408,0,0,0,108.6,108,18.46,209.9,126,17.84,222.6,117,10.02,7.9,5,2.13,1,0.1699659331553264,0,0.48784870401149993,1,0.46153846153846156,0,-400
167,415,0,0,0,166.4,85,28.29,243.2,135,20.67,229.2,95,10.31,9.9,5,2.67,1,0.17000180277627547,0,0.7259718162383841,0,0.46153846153846156,0,0
201,510,0,0,0,212.7,72,36.16,225.2,90,19.14,195.1,99,8.78,7.0,6,1.89,1,0.16999670913450238,0,1.0901542719491568,0,0.46153846153846156,0,0
87,510,0,0,0,234.8,85,39.92,140.9,91,11.98,204.3,93,9.19,9.5,5,2.57,1,0.1700097951535284,0,1.1492340071460037,0,0.46153846153846156,0,0
174,415,0,0,0,124.3,76,21.13,277.1,112,23.55,250.7,115,11.28,15.5,5,4.19,3,0.16997828010618612,0,0.4957919508595589,0,0.46153846153846156,0,0
114,415,1,1,31,174.5,104,29.67,224.2,92,19.06,116.3,91,5.23,12.3,10,3.32,2,0.17001891009111228,0,1.500300919955292,0,0.5076923076923077,0,0
59,408,0,0,0,150.2,70,25.53,185.7,98,15.78,212.5,128,9.56,12.1,2,3.27,1,0.16996205312562415,0,0.7067902686932379,0,0.46153846153846156,0,0
56,408,0,0,0,221.9,112,37.72,278.2,122,23.65,288.1,85,12.96,7.1,5,1.92,0,0.16997882024244063,0,0.7701919405782514,1,0.46153846153846156,0,-400
77,415,0,0,0,221.8,84,37.71,166.0,125,14.11,210.2,72,9.46,13.2,4,3.56,1,0.1700103692349308,0,1.0551353408496267,0,0.46153846153846156,0,0
39,408,0,0,0,154.1,104,26.2,204.2,112,17.36,196.2,92,8.83,9.8,4,2.65,2,0.1700084355330608,0,0.785383008001631,0,0.46153846153846156,0,0
101,415,0,1,36,123.7,125,21.03,172.6,106,14.67,280.5,127,12.62,8.8,4,2.38,1,0.1699943416053674,0,0.4409824961676946,1,0.17578125,0,-400
113,408,1,0,0,125.2,93,21.28,206.4,119,17.54,129.3,139,5.82,8.3,8,2.24,0,0.16995447647951442,0,0.9682159152424407,0,1.0,1,-100
69,510,0,0,0,135.4,101,23.02,238.1,124,20.24,195.6,102,8.8,10.6,2,2.86,1,0.17000221549368585,0,0.6921936506313584,0,0.46153846153846156,0,0
42,408,0,0,0,241.2,134,41.0,116.5,114,9.9,152.2,91,6.85,10.6,4,2.86,0,0.1699763691389246,0,1.5846527823401881,0,0.46153846153846156,0,0
113,415,0,1,30,183.8,102,31.25,183.4,123,15.59,235.0,52,10.58,11.6,7,3.13,0,0.170012512920951,0,0.7820943789625974,0,0.17578125,0,0
136,415,0,0,0,92.4,109,15.71,219.0,115,18.62,212.6,80,9.57,12.9,4,3.48,2,0.17000324640190453,0,0.4345985607450262,0,0.46153846153846156,0,0
75,510,0,0,0,226.1,105,38.44,201.5,107,17.13,246.2,98,11.08,10.3,5,2.78,1,0.17000574941400204,0,0.9183217578489907,0,0.46153846153846156,0,0
16,415,1,0,0,110.0,91,18.7,147.3,75,12.52,190.5,73,8.57,6.4,7,1.73,0,0.16998454685937642,0,0.5773975119416304,0,1.0,1,-100
100,415,0,1,29,213.6,127,36.31,175.9,82,14.95,207.2,100,9.32,8.9,3,2.4,1,0.1699826787135434,0,1.0308382800057914,0,0.17578125,0,0
98,408,0,1,21,64.6,98,10.98,176.1,86,14.97,244.8,84,11.02,0.0,0,0.0,2,0.16994273332301502,0,0.26387810955434826,0,0.17578125,0,0
73,408,0,0,0,94.9,121,16.13,253.2,83,21.52,175.1,86,7.88,14.2,2,3.83,2,0.16995047940153826,0,0.5419450631031923,0,0.46153846153846156,0,0
38,415,0,1,31,197.2,118,33.52,249.9,70,21.24,298.9,104,13.45,3.9,2,1.05,0,0.16997109680036512,0,0.6597303536181459,0,0.17578125,0,0
104,415,0,0,0,264.0,108,44.88,132.2,75,11.24,177.7,91,8.0,10.6,8,2.86,3,0.1699935608499678,0,1.4855663721793935,0,0.46153846153846156,0,0
105,415,0,0,0,259.3,96,44.08,175.2,97,14.89,222.4,36,10.01,12.0,5,3.24,3,0.16998958775211137,0,1.1658648442066455,0,0.46153846153846156,0,0
99,415,0,0,0,62.9,81,10.69,231.0,64,19.64,168.9,121,7.6,8.5,5,2.3,1,0.16992529009696392,0,0.3723876620685572,0,0.46153846153846156,0,0
32,408,0,1,26,266.7,109,45.34,232.3,107,19.75,212.8,98,9.58,16.3,4,4.4,1,0.1699973754264932,0,1.2532305812696771,0,0.17578125,0,0
68,510,0,0,0,157.3,83,26.74,220.9,85,18.78,218.9,129,9.85,12.0,7,3.24,1,0.16998283643760725,0,0.7185601388698553,0,0.46153846153846156,0,0
127,408,0,0,0,102.8,128,17.48,143.7,95,12.21,191.4,97,8.61,10.0,5,2.7,1,0.17002237136465326,0,0.5370670288908626,0,0.46153846153846156,0,0
25,408,0,0,0,264.9,80,45.03,281.2,66,23.9,166.1,80,7.47,8.4,4,2.27,1,0.1699822581254011,0,1.5947263861296732,1,0.46153846153846156,0,-400
100,510,0,0,0,142.5,87,24.23,195.7,88,16.63,122.1,117,5.49,7.8,8,2.11,2,0.17002315626973546,0,1.1669805912701663,0,0.46153846153846156,0,0
93,415,1,1,20,187.5,110,31.88,169.8,94,14.43,175.3,127,7.89,12.1,4,3.27,1,0.1700175990613834,0,1.0695339683988363,0,1.0,1,-100
140,415,0,0,0,125.3,84,21.3,167.6,121,14.25,260.6,94,11.73,8.4,4,2.27,1,0.16997845343548001,0,0.480795057749127,0,0.46153846153846156,0,0
46,415,0,0,0,124.8,133,21.22,157.3,143,13.37,199.3,72,8.97,8.6,4,2.32,2,0.17001842801057607,0,0.6261602528724098,0,0.46153846153846156,0,0
62,415,0,0,0,147.1,91,25.01,190.4,107,16.18,195.2,115,8.78,12.2,3,3.29,0,0.17000883692475022,0,0.7535474617079043,0,0.46153846153846156,0,0
87,408,0,0,0,237.2,124,40.32,222.6,87,18.92,173.3,81,7.8,11.0,3,2.97,1,0.16997597065890985,0,1.368645779239513,0,0.46153846153846156,0,0
123,415,0,1,22,197.6,105,33.59,80.0,86,6.8,120.8,82,5.44,15.6,12,4.21,2,0.16998127625120188,0,1.6356261898849431,0,0.17578125,0,0
33,510,0,1,35,161.9,85,27.52,151.2,82,12.85,191.0,131,8.59,8.5,2,2.3,1,0.16997097152739177,0,0.8475996021150726,0,0.17578125,0,0
11,408,0,1,24,131.5,98,22.36,230.2,111,19.57,283.7,87,12.77,10.0,3,2.7,2,0.17002509314880998,0,0.46350146276127036,0,0.17578125,0,0
167,510,0,0,0,207.6,88,35.29,132.4,63,11.25,255.2,98,11.48,14.1,5,3.81,0,0.16998217812244112,0,0.8134477489126603,0,0.46153846153846156,0,0
103,510,1,0,0,171.7,78,29.19,144.5,86,12.28,157.9,106,7.11,6.8,3,1.84,3,0.1699959233591521,0,1.0873282249382559,0,1.0,1,-100
149,415,0,0,0,156.0,56,26.52,56.0,116,4.76,163.3,104,7.35,8.9,8,2.4,0,0.16998910326261138,0,0.9552385034596779,0,0.46153846153846156,0,0
127,415,0,0,0,202.1,103,34.36,229.4,86,19.5,195.2,113,8.78,11.5,3,3.11,2,0.17000643214091338,0,1.0352953229855029,0,0.46153846153846156,0,0
169,415,0,0,0,100.8,112,17.14,230.0,69,19.55,193.6,95,8.71,9.5,2,2.57,0,0.17002281519690507,0,0.5206342647590517,0,0.46153846153846156,0,0
148,408,0,1,25,230.7,102,39.22,233.8,109,19.87,215.8,90,9.71,13.5,2,3.65,3,0.16999696588791124,0,1.0689958760020388,0,0.17578125,0,0
94,408,0,0,0,174.0,85,29.58,241.1,114,20.49,207.8,94,9.35,7.9,1,2.13,1,0.16999023044652606,0,0.8373033059044319,0,0.46153846153846156,0,0
37,510,0,0,0,239.9,120,40.78,261.6,88,22.24,207.1,88,9.32,8.9,4,2.4,2,0.16998040932016173,0,1.1583216648157986,1,0.46153846153846156,0,-400
135,415,0,0,0,201.8,81,34.31,225.0,114,19.13,204.4,82,9.2,10.3,6,2.78,1,0.1700113968584312,0,0.9872315444449881,0,0.46153846153846156,0,0
98,408,0,1,19,110.5,87,18.79,227.8,97,19.36,243.6,84,10.96,11.0,4,2.97,1,0.17002986155099084,0,0.45359385903698535,0,0.17578125,0,0
109,510,1,0,0,209.1,141,35.55,205.0,93,17.43,119.4,111,5.37,7.8,3,2.11,2,0.1700062168236813,0,1.7511096223096891,0,1.0,1,-100
54,415,1,0,0,190.5,108,32.39,259.7,108,22.07,141.5,111,6.37,9.7,2,2.62,2,0.17001732192535826,0,1.3461946152215392,1,1.0,1,60
117,415,0,0,0,144.6,115,24.58,258.8,66,22.0,253.2,113,11.39,7.4,9,2.0,2,0.16997441394094462,0,0.5710674933849375,0,0.46153846153846156,0,0
78,415,0,0,0,109.5,105,18.62,286.1,90,24.32,247.6,113,11.14,4.9,9,1.32,1,0.1700301342343165,0,0.4422276967812286,0,0.46153846153846156,0,0
113,510,0,0,0,81.3,116,13.82,220.6,124,18.75,235.7,113,10.61,8.9,3,2.4,0,0.169966793752306,0,0.3449153620974927,0,0.46153846153846156,0,0
84,415,0,0,0,159.0,80,27.03,167.9,128,14.27,167.6,101,7.54,12.3,5,3.32,1,0.1699893088485001,0,0.9486307499552533,0,0.46153846153846156,0,0
120,415,0,1,39,200.3,68,34.05,220.4,97,18.73,253.8,116,11.42,10.5,4,2.84,0,0.16998652089261643,0,0.789173003427761,0,0.17578125,0,0
112,415,0,0,0,170.5,113,28.99,193.2,129,16.42,188.0,91,8.46,11.2,6,3.02,0,0.1700193537035951,0,0.9068666560289347,0,0.46153846153846156,0,0
90,415,0,0,0,193.7,83,32.93,154.2,79,13.11,299.0,60,13.46,12.7,3,3.43,1,0.1699963863507305,0,0.6478044212568141,0,0.46153846153846156,0,0
154,408,0,1,35,224.0,102,38.08,192.0,99,16.32,163.1,100,7.34,9.6,2,2.59,0,0.169992411053078,0,1.3733063576727362,0,0.17578125,0,0
78,408,0,0,0,75.0,116,12.75,248.7,87,21.14,176.0,83,7.92,9.5,6,2.57,3,0.16997733635515264,0,0.42611215271859554,0,0.46153846153846156,0,0
93,408,0,0,0,267.9,114,45.54,223.0,74,18.96,262.7,90,11.82,11.3,3,3.05,3,0.16998245679519244,0,1.0197556240721708,1,0.46153846153846156,0,-400
118,408,1,1,39,153.8,106,26.15,123.3,111,10.48,117.8,103,5.3,9.2,6,2.48,1,0.1700149535140758,0,1.305491893727188,0,1.0,1,-100
52,415,0,0,0,165.5,78,28.14,205.5,89,17.47,213.6,124,9.61,12.2,6,3.29,0,0.1700199383723038,0,0.7747764617761341,0,0.46153846153846156,0,0
125,408,0,1,23,120.5,104,20.49,227.8,115,19.36,158.5,100,7.13,10.2,3,2.75,1,0.1700273836196166,0,0.7602044035076652,0,0.17578125,0,0
103,415,0,0,0,189.8,110,32.27,115.5,83,9.82,191.3,103,8.61,12.2,4,3.29,0,0.17001211738053845,0,0.9921070513825728,0,0.46153846153846156,0,0
117,415,0,1,23,198.1,86,33.68,177.0,86,15.05,180.5,92,8.12,6.8,6,1.84,1,0.170006562011004,0,1.0974461248684284,0,0.17578125,0,0
98,415,0,1,38,213.7,61,36.33,253.0,104,21.51,207.7,73,9.35,10.7,5,2.89,2,0.169996724533246,0,1.0288382841461654,0,0.17578125,0,0
104,415,0,1,18,182.1,66,30.96,213.6,65,18.16,193.0,108,8.69,13.4,9,3.62,2,0.17000713854263907,0,0.9434744313766126,0,0.17578125,0,0
87,415,0,0,0,205.2,106,34.88,99.5,122,8.46,189.5,75,8.53,13.4,3,3.62,1,0.16997222357584915,0,1.0827924647775844,0,0.46153846153846156,0,0
120,415,0,0,0,221.3,106,37.62,267.6,98,22.75,111.5,80,5.02,9.3,7,2.51,0,0.1699877999186661,0,1.984575374405883,0,0.46153846153846156,0,0
74,415,0,1,25,194.6,84,33.08,119.9,103,10.19,175.5,75,7.9,13.1,2,3.54,2,0.16998098761625816,0,1.1087687311264316,0,0.17578125,0,0
143,510,0,0,0,202.8,109,34.48,165.8,104,14.09,143.9,71,6.48,4.6,4,1.24,1,0.17001134066367535,0,1.4092140921409215,0,0.46153846153846156,0,0
160,415,0,0,0,234.9,136,39.93,270.8,134,23.02,219.3,101,9.87,13.9,2,3.75,1,0.16997999233749095,0,1.071086589758789,1,0.46153846153846156,0,-400
141,415,0,1,32,322.4,92,54.81,283.2,107,24.07,209.5,111,9.43,6.7,3,1.81,1,0.17000093049223042,0,1.5388286955276598,1,0.17578125,0,-400
99,415,0,0,0,222.4,102,37.81,185.8,89,15.79,237.7,81,10.7,12.0,8,3.24,2,0.17000134886021312,0,0.9355937907534392,0,0.46153846153846156,0,0
130,415,0,1,45,174.5,120,29.67,217.5,95,18.49,220.3,67,9.91,12.2,2,3.29,1,0.17001891009111228,0,0.7920657255685171,0,0.17578125,0,0
25,415,0,0,0,134.3,98,22.83,202.3,109,17.2,195.9,100,8.82,12.6,5,3.4,2,0.16997989725262452,0,0.6855188607013425,0,0.46153846153846156,0,0
141,510,0,1,36,187.5,99,31.88,241.4,116,20.52,229.5,105,10.33,10.5,5,2.84,3,0.1700175990613834,0,0.8169578667596183,0,0.17578125,0,0
99,415,0,0,0,174.1,102,29.6,99.1,118,8.42,211.6,126,9.52,7.7,2,2.08,2,0.17000746654413879,0,0.8227399461273097,0,0.46153846153846156,0,0
177,415,0,0,0,232.8,106,39.58,175.2,97,14.89,212.2,77,9.55,12.5,7,3.38,2,0.17000987930071731,0,1.097026530323736,0,0.46153846153846156,0,0
28,415,0,0,0,159.7,79,27.15,216.7,131,18.42,206.7,116,9.3,9.3,3,2.51,2,0.16999561705591384,0,0.7725799429151953,0,0.46153846153846156,0,0
155,510,0,0,0,165.4,108,28.12,183.7,103,15.61,80.2,108,3.61,8.9,4,2.4,3,0.17000181367511033,0,2.062087021568383,0,0.46153846153846156,0,0
95,510,1,1,41,136.8,91,23.26,200.8,61,17.07,133.7,67,6.02,10.3,9,2.78,5,0.17001681163657628,1,1.02310971505497,1,1.0,1,60
84,408,0,1,41,153.9,102,26.16,140.7,117,11.96,217.7,101,9.8,12.8,5,3.46,1,0.1699694626729907,0,0.7069036792062837,0,0.17578125,0,0
108,510,0,0,0,293.0,88,49.81,160.6,101,13.65,143.9,87,6.48,10.0,6,2.7,2,0.16999419815023378,0,2.035994718921548,0,0.46153846153846156,0,0
96,510,0,1,31,183.4,126,31.18,195.5,106,16.62,180.1,93,8.1,10.5,5,2.84,1,0.1700016356796249,0,1.0182666148464827,0,0.17578125,0,0
143,408,0,1,22,141.8,116,24.11,167.3,99,14.22,178.1,130,8.01,7.8,3,2.11,1,0.1700162188844228,0,0.7961372185727922,0,0.17578125,0,0
16,510,0,0,0,153.2,65,26.04,229.7,90,19.52,148.2,94,6.67,10.7,8,2.89,1,0.16996279616213042,0,1.0336684434248702,0,0.46153846153846156,0,0
163,408,0,1,23,224.0,126,38.08,233.5,89,19.85,293.9,104,13.23,8.8,4,2.38,1,0.169992411053078,0,0.7621380694770509,0,0.17578125,0,0
101,415,0,1,33,219.7,137,37.35,186.8,94,15.88,184.5,113,8.3,9.5,2,2.57,2,0.16999681398206729,0,1.1907213701154409,0,0.17578125,0,0
81,415,0,1,24,130.1,117,22.12,196.0,61,16.66,139.3,123,6.27,11.4,5,3.08,0,0.17000999154561527,0,0.9338884502189362,0,0.17578125,0,0
123,415,0,1,34,305.2,80,51.88,156.5,109,13.3,280.0,81,12.6,13.2,7,3.56,1,0.1699813243340651,0,1.0899610728188278,0,0.17578125,0,0
171,415,0,1,25,223.2,77,37.94,183.2,118,15.57,150.8,90,6.79,10.2,3,2.75,3,0.16997446350969939,0,1.480007957032027,0,0.17578125,0,0
103,408,0,0,0,160.8,91,27.34,155.8,82,13.24,254.3,103,11.44,8.5,3,2.3,1,0.1700143025931223,0,0.6322991624395423,0,0.46153846153846156,0,0
171,510,0,0,0,189.8,122,32.27,173.7,85,14.76,257.1,84,11.57,10.3,1,2.78,0,0.17001211738053845,0,0.7382054373614406,0,0.46153846153846156,0,0
90,415,0,0,0,203.4,146,34.58,226.7,117,19.27,152.4,105,6.86,7.3,4,1.97,1,0.17000147485374367,0,1.3345580998622137,0,0.46153846153846156,0,0
119,415,0,0,0,159.1,114,27.05,231.3,117,19.66,143.2,91,6.44,8.8,3,2.38,5,0.17000817044811767,1,1.1109559388310872,1,0.46153846153846156,0,-400
71,415,0,1,39,183.2,103,31.14,209.4,111,17.8,172.4,109,7.76,11.9,6,3.21,1,0.1699688881611266,0,1.0625833768342903,0,0.17578125,0,0
91,415,0,0,0,153.0,123,26.01,141.1,127,11.99,171.5,76,7.72,10.3,15,2.78,1,0.16998888961505787,0,0.8920762637747071,1,0.0845771144278607,0,-400
86,510,0,1,16,144.8,105,24.62,206.2,111,17.53,255.4,117,11.49,11.6,2,3.13,4,0.17001588288101652,1,0.5669316001722721,0,0.17578125,0,0
95,510,0,0,0,58.2,96,9.89,202.1,126,17.18,210.5,97,9.47,10.4,5,2.81,0,0.16990207868063908,0,0.2764714265355565,0,0.46153846153846156,0,0
101,415,0,1,21,238.0,88,40.46,209.6,84,17.82,233.0,95,10.49,10.0,5,2.7,2,0.16999285744296458,0,1.0214153898974294,0,0.17578125,0,0
127,510,1,0,0,247.5,99,42.08,108.5,118,9.22,232.0,72,10.44,10.6,3,2.86,2,0.17001333279463457,0,1.066764363605017,0,1.0,1,-100
70,510,0,0,0,147.1,105,25.01,200.0,135,17.0,234.9,65,10.57,12.5,9,3.38,3,0.17000883692475022,0,0.6261972670384403,0,0.46153846153846156,0,0
142,415,0,1,26,220.5,94,37.49,239.5,126,20.36,254.3,109,11.44,5.9,9,1.59,2,0.1700149653076958,0,0.8670520231213873,0,0.17578125,0,0
81,408,0,1,46,168.3,124,28.61,270.9,103,23.03,222.5,98,10.01,6.7,2,1.81,4,0.16998395817241993,1,0.7563705002022382,0,0.17578125,0,0
44,415,1,0,0,62.3,92,10.59,275.0,82,23.38,138.7,108,6.24,10.8,3,2.92,1,0.1699566682715455,0,0.4491384903756038,0,1.0,1,-100
181,510,0,1,40,105.2,61,17.88,341.3,79,29.01,165.7,97,7.46,6.3,3,1.7,2,0.1699458226404334,0,0.6348440045863256,0,0.17578125,0,0
3,415,0,0,0,185.0,120,31.45,203.7,129,17.31,170.5,89,7.67,14.1,3,3.81,3,0.1699908113074969,0,1.0849803530584716,0,0.46153846153846156,0,0
116,415,0,0,0,217.3,91,36.94,216.1,95,18.37,148.1,76,6.66,11.3,3,3.05,2,0.16998757535318207,0,1.4671527918439,0,0.46153846153846156,0,0
95,415,0,0,0,229.9,116,39.08,202.4,110,17.2,171.4,105,7.71,14.2,6,3.83,1,0.16997955721804184,0,1.3412286331019194,0,0.46153846153846156,0,0
19,510,0,0,0,259.4,116,44.1,269.7,109,22.92,175.3,130,7.89,9.5,3,2.57,1,0.17000115647045222,0,1.47966459414751,1,0.46153846153846156,0,-400
81,510,0,0,0,154.5,84,26.27,216.2,91,18.38,229.8,82,10.34,13.7,3,3.7,1,0.17002135784091646,0,0.6722945041556068,0,0.46153846153846156,0,0
148,408,0,1,33,241.7,84,41.09,165.8,84,14.09,160.6,80,7.23,11.3,3,3.05,1,0.16999710396756446,0,1.504887615964137,0,0.17578125,0,0
124,510,1,0,0,157.8,71,26.83,203.2,114,17.27,168.7,82,7.59,10.0,2,2.7,3,0.1700145744883087,0,0.9353328196313202,1,1.0,1,60
89,510,0,0,0,137.9,96,23.44,192.6,63,16.37,255.7,125,11.51,11.0,5,2.97,1,0.16996591980276993,0,0.5392827812756639,0,0.46153846153846156,0,0
124,415,0,0,0,160.9,109,27.35,144.2,152,12.26,120.4,97,5.42,12.9,12,3.48,1,0.1699707911254739,0,1.3362677518478532,0,0.46153846153846156,0,0
162,408,0,0,0,217.6,87,36.99,279.0,71,23.72,250.7,65,11.28,10.4,4,2.81,2,0.1699829971049125,0,0.8679350644170556,1,0.46153846153846156,0,-400
118,510,0,1,35,256.3,119,43.57,258.1,91,21.94,215.5,130,9.7,11.7,1,3.16,1,0.16998946588115954,0,1.1892719595378405,0,0.17578125,0,0
17,415,1,0,0,162.8,118,27.68,229.6,91,19.52,332.7,94,14.97,13.6,3,3.67,0,0.1700141268963823,0,0.4893150190856903,1,1.0,1,60
172,408,0,0,0,270.0,102,45.9,256.6,111,21.81,168.5,104,7.58,12.0,5,3.24,2,0.16999370393689123,0,1.602278796510593,1,0.46153846153846156,0,-400
32,415,0,1,31,232.8,97,39.58,183.5,111,15.6,206.8,111,9.31,13.0,2,3.51,0,0.17000987930071731,0,1.125670905662202,0,0.17578125,0,0
77,415,0,1,33,143.0,101,24.31,212.2,102,18.04,104.9,120,4.72,15.3,4,4.13,5,0.16998811271939027,1,1.363073110285006,1,0.17578125,0,-400
2,415,1,0,0,132.1,42,22.46,138.9,88,11.81,192.6,119,8.67,9.1,1,2.46,2,0.17000984028461133,0,0.6858418566014226,1,1.0,1,60
129,510,0,1,30,177.3,95,30.14,211.8,102,18.0,240.2,108,10.81,9.3,7,2.51,3,0.16998477243246293,0,0.7381041588609968,0,0.17578125,0,0
131,510,0,0,0,263.4,123,44.78,151.9,74,12.91,218.5,101,9.83,10.7,2,2.89,2,0.17000113890892526,0,1.2054368221134044,0,0.46153846153846156,0,0
104,415,0,0,0,130.5,77,22.19,131.2,117,11.15,264.7,63,11.91,13.0,6,3.51,0,0.17002528541874187,0,0.49299233123040315,0,0.46153846153846156,0,0
76,415,0,0,0,179.2,85,30.46,222.9,66,18.95,188.2,113,8.47,12.4,2,3.35,0,0.16996819373918867,0,0.9521279421922322,0,0.46153846153846156,0,0
162,415,0,0,0,135.2,98,22.98,242.0,107,20.57,246.9,96,11.11,10.2,2,2.75,2,0.16995784335478148,0,0.5475679397351261,0,0.46153846153846156,0,0
76,415,0,0,0,263.4,148,44.78,230.3,69,19.58,170.6,101,7.68,11.4,5,3.08,1,0.17000113890892526,0,1.5438719887462633,1,0.46153846153846156,0,-400
133,510,0,0,0,295.0,141,50.15,223.6,101,19.01,229.4,109,10.32,12.9,4,3.48,2,0.16999423748347514,0,1.2859073274922628,1,0.46153846153846156,0,-400
73,408,0,0,0,187.3,118,31.84,239.7,90,20.37,167.5,108,7.54,15.1,2,4.08,1,0.16998558539319844,0,1.118142200465644,0,0.46153846153846156,0,0
134,415,0,0,0,164.9,115,28.03,126.5,96,10.75,238.5,125,10.73,10.0,9,2.7,2,0.16997149960584562,0,0.6913756236635781,0,0.46153846153846156,0,0
135,415,1,0,0,186.0,107,31.62,66.0,94,5.61,213.1,105,9.59,12.9,4,3.48,1,0.16999086070641364,0,0.872788700671015,0,1.0,1,-100
163,408,0,1,25,219.6,99,37.33,210.4,99,17.88,242.7,88,10.92,13.8,8,3.73,2,0.16998315195118618,0,0.904783486465329,0,0.17578125,0,0
131,415,0,0,0,175.1,73,29.77,171.9,116,14.61,131.1,94,5.9,7.3,6,1.97,1,0.17000742390497403,0,1.3355197925406148,0,0.46153846153846156,0,0
15,510,1,0,0,141.4,80,24.04,123.9,76,10.53,323.5,88,14.56,8.1,3,2.19,2,0.1700021214907008,0,0.43708077030076353,0,1.0,1,-100
119,408,0,0,0,294.2,100,50.01,232.5,53,19.76,195.0,64,8.78,9.0,1,2.43,0,0.1699806260834098,0,1.508640582534229,1,0.46153846153846156,0,-400
100,510,0,0,0,78.7,98,13.38,225.6,102,19.18,150.4,106,6.77,14.0,8,3.78,0,0.16999110659382544,0,0.5232364869357091,0,0.46153846153846156,0,0
141,415,0,1,32,148.6,91,25.26,131.1,97,11.14,219.4,142,9.87,10.1,1,2.73,1,0.1699751026175897,0,0.6772708627683333,0,0.17578125,0,0
72,510,0,0,0,138.9,111,23.61,211.6,102,17.99,179.5,91,8.08,10.8,3,2.92,1,0.16996616514289828,0,0.773773048855217,0,0.46153846153846156,0,0
151,415,0,0,0,118.9,128,20.21,278.3,65,23.66,194.8,61,8.77,13.2,10,3.56,2,0.16996047430830039,0,0.6103382783224681,0,0.46153846153846156,0,0
173,510,0,1,21,232.4,96,39.51,211.9,118,18.01,273.0,102,12.29,5.0,5,1.35,3,0.17000129082225376,0,0.8512508699315043,0,0.17578125,0,0
125,408,0,0,0,229.3,103,38.98,177.4,126,15.08,189.3,95,8.52,12.0,8,3.24,1,0.16998822554620382,0,1.2112408219322803,0,0.46153846153846156,0,0
88,408,0,1,28,190.6,104,32.4,237.3,105,20.17,211.6,116,9.52,9.8,1,2.65,2,0.16998058863648288,0,0.9007135768630973,0,0.17578125,0,0
155,408,0,1,21,195.9,91,33.3,213.9,84,18.18,88.2,111,3.97,8.6,4,2.32,0,0.16997600939206778,0,2.220836639836753,0,0.17578125,0,0
165,408,0,0,0,156.0,88,26.52,276.1,81,23.47,175.9,94,7.92,9.3,5,2.51,1,0.16998910326261138,0,0.8868171223921324,0,0.46153846153846156,0,0
160,415,0,0,0,206.3,66,35.07,241.1,109,20.49,227.8,102,10.25,11.7,6,3.16,0,0.16998691289806603,0,0.905579210745797,0,0.46153846153846156,0,0
65,510,0,0,0,195.4,110,33.22,181.2,109,15.4,178.5,105,8.03,8.9,4,2.4,0,0.1700015352336114,0,1.0946165480925438,0,0.46153846153846156,0,0
129,415,0,0,0,157.0,113,26.69,256.9,97,21.84,185.5,126,8.35,12.1,2,3.27,2,0.16998917266416153,0,0.8463155625033691,0,0.46153846153846156,0,0
57,510,0,0,0,154.2,78,26.21,196.7,85,16.72,253.5,97,11.41,10.1,9,2.73,1,0.16996303741650998,0,0.60826002919017,0,0.46153846153846156,0,0
150,415,0,0,0,136.6,112,23.22,209.4,81,17.8,161.1,78,7.25,12.2,2,3.29,4,0.16997291559915087,1,0.8478679163304574,1,0.46153846153846156,0,-400
157,510,0,0,0,185.1,92,31.47,213.0,85,18.11,196.1,85,8.82,8.5,5,2.3,2,0.17000702285127764,0,0.9438580388557443,0,0.46153846153846156,0,0
116,408,0,1,19,155.7,104,26.47,185.4,118,15.76,192.7,116,8.67,8.2,2,2.21,3,0.16999550446342562,0,0.8079497690830783,0,0.17578125,0,0
148,415,0,1,26,158.7,91,26.98,160.5,127,13.64,218.3,88,9.82,9.9,3,2.67,1,0.16999558943985887,0,0.7269479180981173,0,0.17578125,0,0
75,510,0,1,27,117.5,102,19.98,206.8,127,17.58,194.4,114,8.75,4.2,7,1.13,3,0.17002808271636455,0,0.6043927781492722,0,0.17578125,0,0
104,415,0,0,0,164.2,109,27.91,155.4,90,13.21,168.9,117,7.6,10.7,8,2.89,1,0.16996528835028318,0,0.972115327689302,0,0.46153846153846156,0,0
